唯一鍵	候選來源	處置	映像	SHA256	來源提交	建置內容雜湊
bpi-m1/bananapi/current/bookworm/minimal	main-c867	採用	/media/pi/SMCI/bpi/main-release-c8673931c96c/bpi-m1/Armbian-unofficial_26.11.0-trunk_Bananapi_bookworm_current_6.18.49_minimal.img.xz	8500126b4055d95e1c14083cbe7ff451bfed8e508491d3f21d93ddbe99f213c9	c8673931c96c23c510dd29a28440e77f0b03286f	6a9a29372b9ef64baaf790b24ccad2f3b4ba6940a6ddfa932ddd8bb08171a633
bpi-m1/bananapi/current/bookworm/xfce	main-c867	採用	/media/pi/SMCI/bpi/main-release-c8673931c96c/bpi-m1/Armbian-unofficial_26.11.0-trunk_Bananapi_bookworm_current_6.18.49_xfce_desktop.img.xz	ec61676fd2aee5b93a3ed7fbc48d75bf77ca50b1b86abc064f2ca4d0bc154a35	c8673931c96c23c510dd29a28440e77f0b03286f	6a9a29372b9ef64baaf790b24ccad2f3b4ba6940a6ddfa932ddd8bb08171a633
bpi-m1/bananapi/current/jammy/minimal	main-c867	採用	/media/pi/SMCI/bpi/main-release-c8673931c96c/bpi-m1/Armbian-unofficial_26.11.0-trunk_Bananapi_jammy_current_6.18.49_minimal.img.xz	0c6f5f6dc01a7aaf7bdcd8fe37c0af2cdeb91d685d0528c7142cd32ec70e9fb5	c8673931c96c23c510dd29a28440e77f0b03286f	6a9a29372b9ef64baaf790b24ccad2f3b4ba6940a6ddfa932ddd8bb08171a633
bpi-m1/bananapi/current/jammy/xfce	main-c867	採用	/media/pi/SMCI/bpi/main-release-c8673931c96c/bpi-m1/Armbian-unofficial_26.11.0-trunk_Bananapi_jammy_current_6.18.49_xfce_desktop.img.xz	5058cd96f3c68cd2fcb0c24bdd8619f108595c2aa0091c901977b5e638193f52	c8673931c96c23c510dd29a28440e77f0b03286f	6a9a29372b9ef64baaf790b24ccad2f3b4ba6940a6ddfa932ddd8bb08171a633
bpi-m1/bananapi/current/noble/minimal	main-c867	採用	/media/pi/SMCI/bpi/main-release-c8673931c96c/bpi-m1/Armbian-unofficial_26.11.0-trunk_Bananapi_noble_current_6.18.49_minimal.img.xz	4dc6e37a941ff333a54b1fd8e5e11c18b137d77d79625c4b7ef2c832b386e36d	c8673931c96c23c510dd29a28440e77f0b03286f	6a9a29372b9ef64baaf790b24ccad2f3b4ba6940a6ddfa932ddd8bb08171a633
bpi-m1/bananapi/current/noble/xfce	main-c867	採用	/media/pi/SMCI/bpi/main-release-c8673931c96c/bpi-m1/Armbian-unofficial_26.11.0-trunk_Bananapi_noble_current_6.18.49_xfce_desktop.img.xz	d54176621d8a067bc13b330a07767a9aac770945abce3232e112e72d2af19303	c8673931c96c23c510dd29a28440e77f0b03286f	6a9a29372b9ef64baaf790b24ccad2f3b4ba6940a6ddfa932ddd8bb08171a633
bpi-m1/bananapi/current/resolute/minimal	main-c867	採用	/media/pi/SMCI/bpi/main-release-c8673931c96c/bpi-m1/Armbian-unofficial_26.11.0-trunk_Bananapi_resolute_current_6.18.49_minimal.img.xz	ed4a19f7fda5106f63dc2af60f7c15db32539868fa2c1e86b34a3b500250827a	c8673931c96c23c510dd29a28440e77f0b03286f	6a9a29372b9ef64baaf790b24ccad2f3b4ba6940a6ddfa932ddd8bb08171a633
bpi-m1/bananapi/current/resolute/xfce	main-c867	採用	/media/pi/SMCI/bpi/main-release-c8673931c96c/bpi-m1/Armbian-unofficial_26.11.0-trunk_Bananapi_resolute_current_6.18.49_xfce_desktop.img.xz	96475accefc48ce3adb5beeff467f9b80cd07819f28982ba6567d937a23cbc2b	c8673931c96c23c510dd29a28440e77f0b03286f	6a9a29372b9ef64baaf790b24ccad2f3b4ba6940a6ddfa932ddd8bb08171a633
bpi-m1/bananapi/current/trixie/minimal	main-c867	採用	/media/pi/SMCI/bpi/main-release-c8673931c96c/bpi-m1/Armbian-unofficial_26.11.0-trunk_Bananapi_trixie_current_6.18.49_minimal.img.xz	932748c905163d13955c66cd508994dc7088a67bbdb924f001ac595d00aaa746	c8673931c96c23c510dd29a28440e77f0b03286f	6a9a29372b9ef64baaf790b24ccad2f3b4ba6940a6ddfa932ddd8bb08171a633
bpi-m1/bananapi/current/trixie/xfce	main-c867	採用	/media/pi/SMCI/bpi/main-release-c8673931c96c/bpi-m1/Armbian-unofficial_26.11.0-trunk_Bananapi_trixie_current_6.18.49_xfce_desktop.img.xz	c00ed4098184134eb67709ec12641f048484b5f6b39518f10441d11756c17ebe	c8673931c96c23c510dd29a28440e77f0b03286f	6a9a29372b9ef64baaf790b24ccad2f3b4ba6940a6ddfa932ddd8bb08171a633
bpi-m1p/bananapim1plus/current/bookworm/minimal	main-c867	採用	/media/pi/SMCI/bpi/main-release-c8673931c96c/bpi-m1p/Armbian-unofficial_26.11.0-trunk_Bananapim1plus_bookworm_current_6.18.46_minimal.img.xz	759d00fc465ee576a75b5c30db06012e899c18f6737d3d676f4f8fda6e3fda0e	c8673931c96c23c510dd29a28440e77f0b03286f	6a9a29372b9ef64baaf790b24ccad2f3b4ba6940a6ddfa932ddd8bb08171a633
bpi-m1p/bananapim1plus/current/bookworm/xfce	main-c867	採用	/media/pi/SMCI/bpi/main-release-c8673931c96c/bpi-m1p/Armbian-unofficial_26.11.0-trunk_Bananapim1plus_bookworm_current_6.18.46_xfce_desktop.img.xz	5e5937b41d1ecbef26b5b7287accbdaa05a66d44cf1963a7ff7876d9b75c1986	c8673931c96c23c510dd29a28440e77f0b03286f	6a9a29372b9ef64baaf790b24ccad2f3b4ba6940a6ddfa932ddd8bb08171a633
bpi-m1p/bananapim1plus/current/jammy/minimal	main-c867	採用	/media/pi/SMCI/bpi/main-release-c8673931c96c/bpi-m1p/Armbian-unofficial_26.11.0-trunk_Bananapim1plus_jammy_current_6.18.46_minimal.img.xz	ba951eaac472b22bb58dd308e74622d66dde1ab96716eb464dc514ead60855b2	c8673931c96c23c510dd29a28440e77f0b03286f	6a9a29372b9ef64baaf790b24ccad2f3b4ba6940a6ddfa932ddd8bb08171a633
bpi-m1p/bananapim1plus/current/jammy/xfce	main-c867	採用	/media/pi/SMCI/bpi/main-release-c8673931c96c/bpi-m1p/Armbian-unofficial_26.11.0-trunk_Bananapim1plus_jammy_current_6.18.46_xfce_desktop.img.xz	b1c3e46a05576711532b74af1a19e7cc67b6c8526ed2b43c3b91cf9250b653ae	c8673931c96c23c510dd29a28440e77f0b03286f	6a9a29372b9ef64baaf790b24ccad2f3b4ba6940a6ddfa932ddd8bb08171a633
bpi-m1p/bananapim1plus/current/noble/minimal	main-c867	採用	/media/pi/SMCI/bpi/main-release-c8673931c96c/bpi-m1p/Armbian-unofficial_26.11.0-trunk_Bananapim1plus_noble_current_6.18.46_minimal.img.xz	6709a4cc509e47d80eeac66ef450f971a1899cc3a231f2d0a09c686a03cd5371	c8673931c96c23c510dd29a28440e77f0b03286f	6a9a29372b9ef64baaf790b24ccad2f3b4ba6940a6ddfa932ddd8bb08171a633
bpi-m1p/bananapim1plus/current/noble/xfce	main-c867	採用	/media/pi/SMCI/bpi/main-release-c8673931c96c/bpi-m1p/Armbian-unofficial_26.11.0-trunk_Bananapim1plus_noble_current_6.18.46_xfce_desktop.img.xz	8d84fe817257dcafc4aa6f8d8ccba0d11e9c93d9bb95ae4e162b51905f7d3517	c8673931c96c23c510dd29a28440e77f0b03286f	6a9a29372b9ef64baaf790b24ccad2f3b4ba6940a6ddfa932ddd8bb08171a633
bpi-m1p/bananapim1plus/current/resolute/minimal	main-c867	採用	/media/pi/SMCI/bpi/main-release-c8673931c96c/bpi-m1p/Armbian-unofficial_26.11.0-trunk_Bananapim1plus_resolute_current_6.18.46_minimal.img.xz	ea1840a001c55cb78a82de6a09ba6caebb0eac5138e2620ea07215cfd1de55f4	c8673931c96c23c510dd29a28440e77f0b03286f	6a9a29372b9ef64baaf790b24ccad2f3b4ba6940a6ddfa932ddd8bb08171a633
bpi-m1p/bananapim1plus/current/resolute/xfce	main-c867	採用	/media/pi/SMCI/bpi/main-release-c8673931c96c/bpi-m1p/Armbian-unofficial_26.11.0-trunk_Bananapim1plus_resolute_current_6.18.46_xfce_desktop.img.xz	9805b9311a21460009a93e365b449efb997f0e3c863a394dcc0faff4011d9a1c	c8673931c96c23c510dd29a28440e77f0b03286f	6a9a29372b9ef64baaf790b24ccad2f3b4ba6940a6ddfa932ddd8bb08171a633
bpi-m1p/bananapim1plus/current/trixie/minimal	main-c867	採用	/media/pi/SMCI/bpi/main-release-c8673931c96c/bpi-m1p/Armbian-unofficial_26.11.0-trunk_Bananapim1plus_trixie_current_6.18.46_minimal.img.xz	9925eef265f3eb2a47fb60790b5e0dde3042c3ff90721be5bc22b9d18cba2e27	c8673931c96c23c510dd29a28440e77f0b03286f	6a9a29372b9ef64baaf790b24ccad2f3b4ba6940a6ddfa932ddd8bb08171a633
bpi-m1p/bananapim1plus/current/trixie/xfce	main-c867	採用	/media/pi/SMCI/bpi/main-release-c8673931c96c/bpi-m1p/Armbian-unofficial_26.11.0-trunk_Bananapim1plus_trixie_current_6.18.46_xfce_desktop.img.xz	73a115335c83a1d58d260d644264ddee799809d6c27bbe27705cb1d4e871e783	c8673931c96c23c510dd29a28440e77f0b03286f	6a9a29372b9ef64baaf790b24ccad2f3b4ba6940a6ddfa932ddd8bb08171a633
bpi-m1super/bananapim1super/vendor/bookworm/minimal	main-c867	採用	/media/pi/SMCI/bpi/main-release-c8673931c96c/.staging-bpi-m1super-c8673931c96c/Armbian-unofficial_26.11.0-trunk_Bananapim1super_bookworm_vendor_6.1.115_minimal.img.xz	4495989c942e700318ee8996f0bafe28ca1430df83f17b1d96d3ffebbc248119	c8673931c96c23c510dd29a28440e77f0b03286f	6a9a29372b9ef64baaf790b24ccad2f3b4ba6940a6ddfa932ddd8bb08171a633
bpi-m1super/bananapim1super/vendor/trixie/minimal	main-c867	採用	/media/pi/SMCI/bpi/main-release-c8673931c96c/.staging-bpi-m1super-c8673931c96c/Armbian-unofficial_26.11.0-trunk_Bananapim1super_trixie_vendor_6.1.115_minimal.img.xz	6d57c5988408f03f2bfba17ea5583f8346d2976869fda0554923a8eefdebe569	c8673931c96c23c510dd29a28440e77f0b03286f	6a9a29372b9ef64baaf790b24ccad2f3b4ba6940a6ddfa932ddd8bb08171a633
bpi-m1super/bananapim1super/vendor/trixie/xfce	main-c867	採用	/media/pi/SMCI/bpi/main-release-c8673931c96c/.staging-bpi-m1super-c8673931c96c/Armbian-unofficial_26.11.0-trunk_Bananapim1super_trixie_vendor_6.1.115_xfce_desktop.img.xz	f9ae8ba86b38553003011e54f07543777d9b84804973dd7d7ce9b590d53ac020	c8673931c96c23c510dd29a28440e77f0b03286f	6a9a29372b9ef64baaf790b24ccad2f3b4ba6940a6ddfa932ddd8bb08171a633
bpi-m2pro/bananapim2pro/current/bookworm/minimal	p3-c867	採用	/media/pi/SMCI/bpi/parallel3-release-c8673931c96c/bpi-m2pro/Armbian-unofficial_26.11.0-trunk_Bananapim2pro_bookworm_current_6.18.49_minimal.img.xz	1f49d83b8500b915aeb7ca39dac1b90f60618d7c3adb3eb30b43b1572dfe6f66	c8673931c96c23c510dd29a28440e77f0b03286f	6a9a29372b9ef64baaf790b24ccad2f3b4ba6940a6ddfa932ddd8bb08171a633
bpi-m2pro/bananapim2pro/current/bookworm/xfce	p3-c867	採用	/media/pi/SMCI/bpi/parallel3-release-c8673931c96c/bpi-m2pro/Armbian-unofficial_26.11.0-trunk_Bananapim2pro_bookworm_current_6.18.49_xfce_desktop.img.xz	92ea517476ca26f7c43022aafaa0421c3644b28cea6c5caa0da580a1c305dff0	c8673931c96c23c510dd29a28440e77f0b03286f	6a9a29372b9ef64baaf790b24ccad2f3b4ba6940a6ddfa932ddd8bb08171a633
bpi-m2pro/bananapim2pro/current/jammy/minimal	p3-c867	採用	/media/pi/SMCI/bpi/parallel3-release-c8673931c96c/bpi-m2pro/Armbian-unofficial_26.11.0-trunk_Bananapim2pro_jammy_current_6.18.49_minimal.img.xz	94785d1983ff03d1bd5d2b31080f0517a6313439786c6a07b391dee25b6661c0	c8673931c96c23c510dd29a28440e77f0b03286f	6a9a29372b9ef64baaf790b24ccad2f3b4ba6940a6ddfa932ddd8bb08171a633
bpi-m2pro/bananapim2pro/current/jammy/xfce	p3-c867	採用	/media/pi/SMCI/bpi/parallel3-release-c8673931c96c/bpi-m2pro/Armbian-unofficial_26.11.0-trunk_Bananapim2pro_jammy_current_6.18.49_xfce_desktop.img.xz	b96ff9eab9ad87511bc80db54fcfaf12d9b54c1bcef4a75f72de89d45d8f1191	c8673931c96c23c510dd29a28440e77f0b03286f	6a9a29372b9ef64baaf790b24ccad2f3b4ba6940a6ddfa932ddd8bb08171a633
bpi-m2pro/bananapim2pro/current/noble/minimal	p3-c867	採用	/media/pi/SMCI/bpi/parallel3-release-c8673931c96c/bpi-m2pro/Armbian-unofficial_26.11.0-trunk_Bananapim2pro_noble_current_6.18.49_minimal.img.xz	3d8aab61358c737d547c9bdc7e85237bfddd8b09d680bcc33bd172cdc9ff076e	c8673931c96c23c510dd29a28440e77f0b03286f	6a9a29372b9ef64baaf790b24ccad2f3b4ba6940a6ddfa932ddd8bb08171a633
bpi-m2pro/bananapim2pro/current/noble/xfce	p3-c867	採用	/media/pi/SMCI/bpi/parallel3-release-c8673931c96c/bpi-m2pro/Armbian-unofficial_26.11.0-trunk_Bananapim2pro_noble_current_6.18.49_xfce_desktop.img.xz	8dc1ffe1dee5339f24ab3b79e4d06cc4f5e5a0a48d898278c9de390ae484368b	c8673931c96c23c510dd29a28440e77f0b03286f	6a9a29372b9ef64baaf790b24ccad2f3b4ba6940a6ddfa932ddd8bb08171a633
bpi-m2pro/bananapim2pro/current/resolute/minimal	p3-c867	採用	/media/pi/SMCI/bpi/parallel3-release-c8673931c96c/bpi-m2pro/Armbian-unofficial_26.11.0-trunk_Bananapim2pro_resolute_current_6.18.49_minimal.img.xz	5815a03091745a07fe3c2273dd55f47c08e369c9df2ab0369afbd0768e6d571d	c8673931c96c23c510dd29a28440e77f0b03286f	6a9a29372b9ef64baaf790b24ccad2f3b4ba6940a6ddfa932ddd8bb08171a633
bpi-m2pro/bananapim2pro/current/resolute/xfce	p3-c867	採用	/media/pi/SMCI/bpi/parallel3-release-c8673931c96c/bpi-m2pro/Armbian-unofficial_26.11.0-trunk_Bananapim2pro_resolute_current_6.18.49_xfce_desktop.img.xz	5cc86144525bf476140bec677ca6bdc35d5b4b71e344eadc708d121df6ab9948	c8673931c96c23c510dd29a28440e77f0b03286f	6a9a29372b9ef64baaf790b24ccad2f3b4ba6940a6ddfa932ddd8bb08171a633
bpi-m2pro/bananapim2pro/current/trixie/minimal	p3-c867	採用	/media/pi/SMCI/bpi/parallel3-release-c8673931c96c/bpi-m2pro/Armbian-unofficial_26.11.0-trunk_Bananapim2pro_trixie_current_6.18.49_minimal.img.xz	00171ede29052de70efc7eae6c4bc8297fcb8b48146dfebb86875ade01666815	c8673931c96c23c510dd29a28440e77f0b03286f	6a9a29372b9ef64baaf790b24ccad2f3b4ba6940a6ddfa932ddd8bb08171a633
bpi-m2pro/bananapim2pro/current/trixie/xfce	p3-c867	採用	/media/pi/SMCI/bpi/parallel3-release-c8673931c96c/bpi-m2pro/Armbian-unofficial_26.11.0-trunk_Bananapim2pro_trixie_current_6.18.49_xfce_desktop.img.xz	8f3cdca86035ab49cb0b63d9a05c9541c33d122ede6b2e1f6063ecd15c387616	c8673931c96c23c510dd29a28440e77f0b03286f	6a9a29372b9ef64baaf790b24ccad2f3b4ba6940a6ddfa932ddd8bb08171a633
bpi-m2s/bananapim2s/current/bookworm/minimal	p3-c867	採用	/media/pi/SMCI/bpi/parallel3-release-c8673931c96c/bpi-m2s/Armbian-unofficial_26.11.0-trunk_Bananapim2s_bookworm_current_6.18.49_minimal.img.xz	b51c7b8adb16dcda6ecc8dcf84ac8a9d10a4a6ac113aa5442f1f984f27da55bd	c8673931c96c23c510dd29a28440e77f0b03286f	6a9a29372b9ef64baaf790b24ccad2f3b4ba6940a6ddfa932ddd8bb08171a633
bpi-m2s/bananapim2s/current/bookworm/xfce	p3-c867	採用	/media/pi/SMCI/bpi/parallel3-release-c8673931c96c/bpi-m2s/Armbian-unofficial_26.11.0-trunk_Bananapim2s_bookworm_current_6.18.49_xfce_desktop.img.xz	ad3d959585d229fcd06867c5a254bcd99c18b58cc849eeb3290ac9bbd653c6c8	c8673931c96c23c510dd29a28440e77f0b03286f	6a9a29372b9ef64baaf790b24ccad2f3b4ba6940a6ddfa932ddd8bb08171a633
bpi-m2s/bananapim2s/current/jammy/minimal	p3-c867	採用	/media/pi/SMCI/bpi/parallel3-release-c8673931c96c/bpi-m2s/Armbian-unofficial_26.11.0-trunk_Bananapim2s_jammy_current_6.18.49_minimal.img.xz	4b429fabab23ecbccf239edf3cb3ebbfd941dd58052cd2247d61adb0b6ed5b3a	c8673931c96c23c510dd29a28440e77f0b03286f	6a9a29372b9ef64baaf790b24ccad2f3b4ba6940a6ddfa932ddd8bb08171a633
bpi-m2s/bananapim2s/current/jammy/xfce	p3-c867	採用	/media/pi/SMCI/bpi/parallel3-release-c8673931c96c/bpi-m2s/Armbian-unofficial_26.11.0-trunk_Bananapim2s_jammy_current_6.18.49_xfce_desktop.img.xz	37b2c7cf79dd7a50fcadf1136f8f74c09f95fd35f8939f9f721a3fcb3b48d602	c8673931c96c23c510dd29a28440e77f0b03286f	6a9a29372b9ef64baaf790b24ccad2f3b4ba6940a6ddfa932ddd8bb08171a633
bpi-m2s/bananapim2s/current/noble/minimal	p3-c867	採用	/media/pi/SMCI/bpi/parallel3-release-c8673931c96c/bpi-m2s/Armbian-unofficial_26.11.0-trunk_Bananapim2s_noble_current_6.18.49_minimal.img.xz	e051220eab961a2e2dcd80ac6059804cb3ca803c7e5108310607ce733fb7bd21	c8673931c96c23c510dd29a28440e77f0b03286f	6a9a29372b9ef64baaf790b24ccad2f3b4ba6940a6ddfa932ddd8bb08171a633
bpi-m2s/bananapim2s/current/noble/xfce	p3-c867	採用	/media/pi/SMCI/bpi/parallel3-release-c8673931c96c/bpi-m2s/Armbian-unofficial_26.11.0-trunk_Bananapim2s_noble_current_6.18.49_xfce_desktop.img.xz	bc46568961efc7bf39a864913fef159ff437da7467613c2c3afb68079b353249	c8673931c96c23c510dd29a28440e77f0b03286f	6a9a29372b9ef64baaf790b24ccad2f3b4ba6940a6ddfa932ddd8bb08171a633
bpi-m2s/bananapim2s/current/resolute/minimal	p3-c867	採用	/media/pi/SMCI/bpi/parallel3-release-c8673931c96c/bpi-m2s/Armbian-unofficial_26.11.0-trunk_Bananapim2s_resolute_current_6.18.49_minimal.img.xz	1a0ebec978c08e2fc760fa197433708dd26a4a4af09061d835a0a2bc46fa95aa	c8673931c96c23c510dd29a28440e77f0b03286f	6a9a29372b9ef64baaf790b24ccad2f3b4ba6940a6ddfa932ddd8bb08171a633
bpi-m2s/bananapim2s/current/resolute/xfce	p3-c867	採用	/media/pi/SMCI/bpi/parallel3-release-c8673931c96c/bpi-m2s/Armbian-unofficial_26.11.0-trunk_Bananapim2s_resolute_current_6.18.49_xfce_desktop.img.xz	e030d938bfa8c93a77aadcdffd53ce79e113ff68dc483a0b40d88572722c54fd	c8673931c96c23c510dd29a28440e77f0b03286f	6a9a29372b9ef64baaf790b24ccad2f3b4ba6940a6ddfa932ddd8bb08171a633
bpi-m2s/bananapim2s/current/trixie/minimal	p3-c867	採用	/media/pi/SMCI/bpi/parallel3-release-c8673931c96c/bpi-m2s/Armbian-unofficial_26.11.0-trunk_Bananapim2s_trixie_current_6.18.49_minimal.img.xz	85000f978f282f771f5b73cd11b50013920ebab3fc8c67238369fd13950dc752	c8673931c96c23c510dd29a28440e77f0b03286f	6a9a29372b9ef64baaf790b24ccad2f3b4ba6940a6ddfa932ddd8bb08171a633
bpi-m2s/bananapim2s/current/trixie/xfce	p3-c867	採用	/media/pi/SMCI/bpi/parallel3-release-c8673931c96c/bpi-m2s/Armbian-unofficial_26.11.0-trunk_Bananapim2s_trixie_current_6.18.49_xfce_desktop.img.xz	1c4bc9835d2efcf0e64bc110bd8a18ee9f959427a366b5699250b25c6ac6da70	c8673931c96c23c510dd29a28440e77f0b03286f	6a9a29372b9ef64baaf790b24ccad2f3b4ba6940a6ddfa932ddd8bb08171a633
bpi-m64/bananapim64/current/bookworm/minimal	p2-c867	採用	/media/pi/SMCI/bpi/parallel2-release-c8673931c96c/bpi-m64/Armbian-unofficial_26.11.0-trunk_Bananapim64_bookworm_current_6.18.46_minimal.img.xz	2bf9430183acab08ba35baa3d0870e60b9f35026579e41875acc5646cae3c008	c8673931c96c23c510dd29a28440e77f0b03286f	6a9a29372b9ef64baaf790b24ccad2f3b4ba6940a6ddfa932ddd8bb08171a633
bpi-m64/bananapim64/current/bookworm/xfce	p2-c867	採用	/media/pi/SMCI/bpi/parallel2-release-c8673931c96c/bpi-m64/Armbian-unofficial_26.11.0-trunk_Bananapim64_bookworm_current_6.18.46_xfce_desktop.img.xz	9412ed33d4b3ec08d1a53d52510be3a0360510ead62d0885789392024ad37fe4	c8673931c96c23c510dd29a28440e77f0b03286f	6a9a29372b9ef64baaf790b24ccad2f3b4ba6940a6ddfa932ddd8bb08171a633
bpi-m64/bananapim64/current/jammy/minimal	p2-c867	採用	/media/pi/SMCI/bpi/parallel2-release-c8673931c96c/bpi-m64/Armbian-unofficial_26.11.0-trunk_Bananapim64_jammy_current_6.18.46_minimal.img.xz	61959d57678092566ebe6f535db3b776952346e598a086a021ac76883276d216	c8673931c96c23c510dd29a28440e77f0b03286f	6a9a29372b9ef64baaf790b24ccad2f3b4ba6940a6ddfa932ddd8bb08171a633
bpi-m64/bananapim64/current/jammy/xfce	p2-c867	採用	/media/pi/SMCI/bpi/parallel2-release-c8673931c96c/bpi-m64/Armbian-unofficial_26.11.0-trunk_Bananapim64_jammy_current_6.18.46_xfce_desktop.img.xz	8a53d005d90974074bcb6faca90d5eb3a93f5d24df9b3f3686b9ab4a1fde8292	c8673931c96c23c510dd29a28440e77f0b03286f	6a9a29372b9ef64baaf790b24ccad2f3b4ba6940a6ddfa932ddd8bb08171a633
bpi-m64/bananapim64/current/noble/minimal	p2-c867	採用	/media/pi/SMCI/bpi/parallel2-release-c8673931c96c/bpi-m64/Armbian-unofficial_26.11.0-trunk_Bananapim64_noble_current_6.18.46_minimal.img.xz	2eeeea828caf7df7040f29ca109e0ecc6dd83450ce7ccd95d296040e13415407	c8673931c96c23c510dd29a28440e77f0b03286f	6a9a29372b9ef64baaf790b24ccad2f3b4ba6940a6ddfa932ddd8bb08171a633
bpi-m64/bananapim64/current/noble/xfce	p2-c867	採用	/media/pi/SMCI/bpi/parallel2-release-c8673931c96c/bpi-m64/Armbian-unofficial_26.11.0-trunk_Bananapim64_noble_current_6.18.46_xfce_desktop.img.xz	45c501d47ca3d27760c991eb5dff043cd77485b5162ebd7827888e6814b8c8cb	c8673931c96c23c510dd29a28440e77f0b03286f	6a9a29372b9ef64baaf790b24ccad2f3b4ba6940a6ddfa932ddd8bb08171a633
bpi-m64/bananapim64/current/resolute/minimal	p2-c867	採用	/media/pi/SMCI/bpi/parallel2-release-c8673931c96c/bpi-m64/Armbian-unofficial_26.11.0-trunk_Bananapim64_resolute_current_6.18.46_minimal.img.xz	883e03e104817ff030f1f823d98d47ebd215364d4ff949a501ea363f29f6ee08	c8673931c96c23c510dd29a28440e77f0b03286f	6a9a29372b9ef64baaf790b24ccad2f3b4ba6940a6ddfa932ddd8bb08171a633
bpi-m64/bananapim64/current/resolute/xfce	p2-c867	採用	/media/pi/SMCI/bpi/parallel2-release-c8673931c96c/bpi-m64/Armbian-unofficial_26.11.0-trunk_Bananapim64_resolute_current_6.18.46_xfce_desktop.img.xz	c21bfb596f36bad7cec09882be58b6d93eed9c8f43cb4f074b10e355911b4a8e	c8673931c96c23c510dd29a28440e77f0b03286f	6a9a29372b9ef64baaf790b24ccad2f3b4ba6940a6ddfa932ddd8bb08171a633
bpi-m64/bananapim64/current/trixie/minimal	p2-c867	採用	/media/pi/SMCI/bpi/parallel2-release-c8673931c96c/bpi-m64/Armbian-unofficial_26.11.0-trunk_Bananapim64_trixie_current_6.18.46_minimal.img.xz	01b7c38cc4d0911c6ccdb5c59f152c36a3a911e1a502b5a10f87fe3e6f3f9b8b	c8673931c96c23c510dd29a28440e77f0b03286f	6a9a29372b9ef64baaf790b24ccad2f3b4ba6940a6ddfa932ddd8bb08171a633
bpi-m64/bananapim64/current/trixie/xfce	p2-c867	採用	/media/pi/SMCI/bpi/parallel2-release-c8673931c96c/bpi-m64/Armbian-unofficial_26.11.0-trunk_Bananapim64_trixie_current_6.18.46_xfce_desktop.img.xz	591a419b33b880b4cfa66d5e80a50c88a3f6a4967054d1a5ac23c6a17b2b7c03	c8673931c96c23c510dd29a28440e77f0b03286f	6a9a29372b9ef64baaf790b24ccad2f3b4ba6940a6ddfa932ddd8bb08171a633
bpi-p2z/bananapip2zero/current/bookworm/minimal	p2-c867	採用	/media/pi/SMCI/bpi/parallel2-release-c8673931c96c/bpi-p2z/Armbian-unofficial_26.11.0-trunk_Bananapip2zero_bookworm_current_6.18.49_minimal.img.xz	12fb5f5f072a19d7d3902a76e947d20407354211ad1dc0352b189fc7e0a6dd46	c8673931c96c23c510dd29a28440e77f0b03286f	6a9a29372b9ef64baaf790b24ccad2f3b4ba6940a6ddfa932ddd8bb08171a633
bpi-p2z/bananapip2zero/current/bookworm/xfce	p2-c867	採用	/media/pi/SMCI/bpi/parallel2-release-c8673931c96c/bpi-p2z/Armbian-unofficial_26.11.0-trunk_Bananapip2zero_bookworm_current_6.18.49_xfce_desktop.img.xz	8994e25bec564157cc5d0647d50404c46d5f43a9cb5a0da0c0a79d2324cde84f	c8673931c96c23c510dd29a28440e77f0b03286f	6a9a29372b9ef64baaf790b24ccad2f3b4ba6940a6ddfa932ddd8bb08171a633
bpi-p2z/bananapip2zero/current/jammy/minimal	p2-c867	採用	/media/pi/SMCI/bpi/parallel2-release-c8673931c96c/bpi-p2z/Armbian-unofficial_26.11.0-trunk_Bananapip2zero_jammy_current_6.18.49_minimal.img.xz	3f60cf3e4470a09f9f96fae89eb7b223da584fdcb4145e76f103a26be43b6ba6	c8673931c96c23c510dd29a28440e77f0b03286f	6a9a29372b9ef64baaf790b24ccad2f3b4ba6940a6ddfa932ddd8bb08171a633
bpi-p2z/bananapip2zero/current/jammy/xfce	p2-c867	採用	/media/pi/SMCI/bpi/parallel2-release-c8673931c96c/bpi-p2z/Armbian-unofficial_26.11.0-trunk_Bananapip2zero_jammy_current_6.18.49_xfce_desktop.img.xz	6187efb97e38a94871bde7860868fd8e5c5a69f8af1ccd31ecfee5d4ccfd3897	c8673931c96c23c510dd29a28440e77f0b03286f	6a9a29372b9ef64baaf790b24ccad2f3b4ba6940a6ddfa932ddd8bb08171a633
bpi-p2z/bananapip2zero/current/noble/minimal	p2-c867	採用	/media/pi/SMCI/bpi/parallel2-release-c8673931c96c/bpi-p2z/Armbian-unofficial_26.11.0-trunk_Bananapip2zero_noble_current_6.18.49_minimal.img.xz	237af3f6546dc3b3973445f838b9258d6d26d9d9c68042f019d96854ab26008b	c8673931c96c23c510dd29a28440e77f0b03286f	6a9a29372b9ef64baaf790b24ccad2f3b4ba6940a6ddfa932ddd8bb08171a633
bpi-p2z/bananapip2zero/current/noble/xfce	p2-c867	採用	/media/pi/SMCI/bpi/parallel2-release-c8673931c96c/bpi-p2z/Armbian-unofficial_26.11.0-trunk_Bananapip2zero_noble_current_6.18.49_xfce_desktop.img.xz	74463abb5f7b13dde091cbf3c88026e4c55bfaf05aceb606c7601706ab448e6a	c8673931c96c23c510dd29a28440e77f0b03286f	6a9a29372b9ef64baaf790b24ccad2f3b4ba6940a6ddfa932ddd8bb08171a633
bpi-p2z/bananapip2zero/current/resolute/minimal	p2-c867	採用	/media/pi/SMCI/bpi/parallel2-release-c8673931c96c/bpi-p2z/Armbian-unofficial_26.11.0-trunk_Bananapip2zero_resolute_current_6.18.49_minimal.img.xz	010b4d46308009e8e0b9a2d929a6403712c5acb48828d64ae9e84d650b056358	c8673931c96c23c510dd29a28440e77f0b03286f	6a9a29372b9ef64baaf790b24ccad2f3b4ba6940a6ddfa932ddd8bb08171a633
bpi-p2z/bananapip2zero/current/resolute/xfce	p2-c867	採用	/media/pi/SMCI/bpi/parallel2-release-c8673931c96c/bpi-p2z/Armbian-unofficial_26.11.0-trunk_Bananapip2zero_resolute_current_6.18.49_xfce_desktop.img.xz	f86afd6684126c7e341b960e0bca10e8f5b4c883c1ca2014143cdbc5ba93523a	c8673931c96c23c510dd29a28440e77f0b03286f	6a9a29372b9ef64baaf790b24ccad2f3b4ba6940a6ddfa932ddd8bb08171a633
bpi-p2z/bananapip2zero/current/trixie/minimal	p2-c867	採用	/media/pi/SMCI/bpi/parallel2-release-c8673931c96c/bpi-p2z/Armbian-unofficial_26.11.0-trunk_Bananapip2zero_trixie_current_6.18.49_minimal.img.xz	0a89cae5e708f3dc1a468236157b770dff346237f246b494c702cdac0bce61d2	c8673931c96c23c510dd29a28440e77f0b03286f	6a9a29372b9ef64baaf790b24ccad2f3b4ba6940a6ddfa932ddd8bb08171a633
bpi-p2z/bananapip2zero/current/trixie/xfce	p2-c867	採用	/media/pi/SMCI/bpi/parallel2-release-c8673931c96c/bpi-p2z/Armbian-unofficial_26.11.0-trunk_Bananapip2zero_trixie_current_6.18.49_xfce_desktop.img.xz	0a575d11ff32a2b66c16025e190bb74fef21509a3edfcd94f8b86ef9ac7d4c2e	c8673931c96c23c510dd29a28440e77f0b03286f	6a9a29372b9ef64baaf790b24ccad2f3b4ba6940a6ddfa932ddd8bb08171a633
bpi-pro/bananapipro/current/bookworm/minimal	p2-c867	採用	/media/pi/SMCI/bpi/parallel2-release-c8673931c96c/.staging-bpi-pro-c8673931c96c/Armbian-unofficial_26.11.0-trunk_Bananapipro_bookworm_current_6.18.49_minimal.img.xz	f8220e9ddd8c88cbb7467c4bf010e7466335a0b9b3f038c72635b9d0e1f17937	c8673931c96c23c510dd29a28440e77f0b03286f	6a9a29372b9ef64baaf790b24ccad2f3b4ba6940a6ddfa932ddd8bb08171a633
bpi-pro/bananapipro/current/bookworm/xfce	p2-c867	採用	/media/pi/SMCI/bpi/parallel2-release-c8673931c96c/.staging-bpi-pro-c8673931c96c/Armbian-unofficial_26.11.0-trunk_Bananapipro_bookworm_current_6.18.49_xfce_desktop.img.xz	0c2197f127301c928a337640da66a9b8196e74d1def8144d982cd03aa210c0ad	c8673931c96c23c510dd29a28440e77f0b03286f	6a9a29372b9ef64baaf790b24ccad2f3b4ba6940a6ddfa932ddd8bb08171a633
bpi-pro/bananapipro/current/jammy/minimal	p2-c867	採用	/media/pi/SMCI/bpi/parallel2-release-c8673931c96c/.staging-bpi-pro-c8673931c96c/Armbian-unofficial_26.11.0-trunk_Bananapipro_jammy_current_6.18.49_minimal.img.xz	f1d6297fab99461241ba641b1d46c6bf42f91e5cb93d209c32abdd21c20a3373	c8673931c96c23c510dd29a28440e77f0b03286f	6a9a29372b9ef64baaf790b24ccad2f3b4ba6940a6ddfa932ddd8bb08171a633
bpi-pro/bananapipro/current/jammy/xfce	p2-c867	採用	/media/pi/SMCI/bpi/parallel2-release-c8673931c96c/.staging-bpi-pro-c8673931c96c/Armbian-unofficial_26.11.0-trunk_Bananapipro_jammy_current_6.18.49_xfce_desktop.img.xz	80db1ae66b885eee3275bce88b9597be84af0d67b72e3beee2742c55bfa64561	c8673931c96c23c510dd29a28440e77f0b03286f	6a9a29372b9ef64baaf790b24ccad2f3b4ba6940a6ddfa932ddd8bb08171a633
bpi-pro/bananapipro/current/noble/minimal	p2-c867	採用	/media/pi/SMCI/bpi/parallel2-release-c8673931c96c/.staging-bpi-pro-c8673931c96c/Armbian-unofficial_26.11.0-trunk_Bananapipro_noble_current_6.18.49_minimal.img.xz	9a0dcbc5036b2ca9d87c308ef945ac3062afb5cbd9da86a065258a298bc86e30	c8673931c96c23c510dd29a28440e77f0b03286f	6a9a29372b9ef64baaf790b24ccad2f3b4ba6940a6ddfa932ddd8bb08171a633
bpi-pro/bananapipro/current/trixie/minimal	p2-c867	採用	/media/pi/SMCI/bpi/parallel2-release-c8673931c96c/.staging-bpi-pro-c8673931c96c/Armbian-unofficial_26.11.0-trunk_Bananapipro_trixie_current_6.18.49_minimal.img.xz	6f0373d65308f6b92152400f3fcd9d51529749f6a526d7f982e012a24128623e	c8673931c96c23c510dd29a28440e77f0b03286f	6a9a29372b9ef64baaf790b24ccad2f3b4ba6940a6ddfa932ddd8bb08171a633
bpi-pro/bananapipro/current/trixie/xfce	p2-c867	採用	/media/pi/SMCI/bpi/parallel2-release-c8673931c96c/.staging-bpi-pro-c8673931c96c/Armbian-unofficial_26.11.0-trunk_Bananapipro_trixie_current_6.18.49_xfce_desktop.img.xz	1cfa699df82af19094cb3042794843a886477bb2b8a592b34b59631d67f8dae2	c8673931c96c23c510dd29a28440e77f0b03286f	6a9a29372b9ef64baaf790b24ccad2f3b4ba6940a6ddfa932ddd8bb08171a633
bpi-sm10/bananapism10/current/jammy/minimal	p1-c867	採用	/media/pi/SMCI/bpi/parallel-release-c8673931c96c/.staging-bpi-sm10-c8673931c96c/Armbian-unofficial_26.11.0-trunk_Bananapism10_jammy_current_6.18.3_minimal.img.xz	f4bc5f902997f2e8229d101267f8fd15b32a140b757727d0865d529f01972525	c8673931c96c23c510dd29a28440e77f0b03286f	6a9a29372b9ef64baaf790b24ccad2f3b4ba6940a6ddfa932ddd8bb08171a633
bpi-sm10/bananapism10/current/jammy/xfce	p1-c867	採用	/media/pi/SMCI/bpi/parallel-release-c8673931c96c/.staging-bpi-sm10-c8673931c96c/Armbian-unofficial_26.11.0-trunk_Bananapism10_jammy_current_6.18.3_xfce_desktop.img.xz	2000d2bc56fd540c155a79cd18372f46dc88b25197b89b92846f99ab635adc7b	c8673931c96c23c510dd29a28440e77f0b03286f	6a9a29372b9ef64baaf790b24ccad2f3b4ba6940a6ddfa932ddd8bb08171a633
bpi-sm10/bananapism10/current/trixie/minimal	p1-c867	採用	/media/pi/SMCI/bpi/parallel-release-c8673931c96c/.staging-bpi-sm10-c8673931c96c/Armbian-unofficial_26.11.0-trunk_Bananapism10_trixie_current_6.18.3_minimal.img.xz	384cf80912c9da4db12f0561d91685286ce2af9191ba839f8d4d6e004447a599	c8673931c96c23c510dd29a28440e77f0b03286f	6a9a29372b9ef64baaf790b24ccad2f3b4ba6940a6ddfa932ddd8bb08171a633
bpi-sm10/bananapism10/current/trixie/xfce	p1-c867	採用	/media/pi/SMCI/bpi/parallel-release-c8673931c96c/.staging-bpi-sm10-c8673931c96c/Armbian-unofficial_26.11.0-trunk_Bananapism10_trixie_current_6.18.3_xfce_desktop.img.xz	87055357519ca40179805c80de30968ca06564e018322f2e84a26d8e2dfb6714	c8673931c96c23c510dd29a28440e77f0b03286f	6a9a29372b9ef64baaf790b24ccad2f3b4ba6940a6ddfa932ddd8bb08171a633
bpi-w2/bananapiw2/legacy/bookworm/minimal	p1-c867	採用	/media/pi/SMCI/bpi/parallel-release-c8673931c96c/bpi-w2/Armbian-unofficial_26.11.0-trunk_Bananapiw2_bookworm_legacy_4.9.119_minimal.img.xz	62f28cf07dba460ff08392a1ed1a3a8806f68d70d68806c6a033410c92c2f4b0	c8673931c96c23c510dd29a28440e77f0b03286f	6a9a29372b9ef64baaf790b24ccad2f3b4ba6940a6ddfa932ddd8bb08171a633
bpi-w2/bananapiw2/legacy/bookworm/xfce	p1-c867	採用	/media/pi/SMCI/bpi/parallel-release-c8673931c96c/bpi-w2/Armbian-unofficial_26.11.0-trunk_Bananapiw2_bookworm_legacy_4.9.119_xfce_desktop.img.xz	dfc504ce1578c8a7772366ec9c2fc3f2d3a92f2f1c9929f4cf04f333fdbd178c	c8673931c96c23c510dd29a28440e77f0b03286f	6a9a29372b9ef64baaf790b24ccad2f3b4ba6940a6ddfa932ddd8bb08171a633
bpi-w2/bananapiw2/legacy/jammy/minimal	p1-c867	採用	/media/pi/SMCI/bpi/parallel-release-c8673931c96c/bpi-w2/Armbian-unofficial_26.11.0-trunk_Bananapiw2_jammy_legacy_4.9.119_minimal.img.xz	65cf26965bda68a92672c2adce281fe9856587eed5cb5a22e35f4b6132e3ab65	c8673931c96c23c510dd29a28440e77f0b03286f	6a9a29372b9ef64baaf790b24ccad2f3b4ba6940a6ddfa932ddd8bb08171a633
bpi-w2/bananapiw2/legacy/jammy/xfce	p1-c867	採用	/media/pi/SMCI/bpi/parallel-release-c8673931c96c/bpi-w2/Armbian-unofficial_26.11.0-trunk_Bananapiw2_jammy_legacy_4.9.119_xfce_desktop.img.xz	ec8b858dc92520bab2569acccfc071aa3afd17d21a965d8ef84d05940ccc0b62	c8673931c96c23c510dd29a28440e77f0b03286f	6a9a29372b9ef64baaf790b24ccad2f3b4ba6940a6ddfa932ddd8bb08171a633
bpi-w2/bananapiw2/legacy/noble/minimal	p1-c867	採用	/media/pi/SMCI/bpi/parallel-release-c8673931c96c/bpi-w2/Armbian-unofficial_26.11.0-trunk_Bananapiw2_noble_legacy_4.9.119_minimal.img.xz	a43bd868ea2f5bbe96b8be152b10f5586220c9e99cad0abeb718d2e10ea4aa05	c8673931c96c23c510dd29a28440e77f0b03286f	6a9a29372b9ef64baaf790b24ccad2f3b4ba6940a6ddfa932ddd8bb08171a633
bpi-w2/bananapiw2/legacy/noble/xfce	p1-c867	採用	/media/pi/SMCI/bpi/parallel-release-c8673931c96c/bpi-w2/Armbian-unofficial_26.11.0-trunk_Bananapiw2_noble_legacy_4.9.119_xfce_desktop.img.xz	139f0727654f08ca0341f3e1ab345ad5cf51adef948b2e78fde615f88ed18c7e	c8673931c96c23c510dd29a28440e77f0b03286f	6a9a29372b9ef64baaf790b24ccad2f3b4ba6940a6ddfa932ddd8bb08171a633
bpi-w2/bananapiw2/legacy/resolute/minimal	p1-c867	採用	/media/pi/SMCI/bpi/parallel-release-c8673931c96c/bpi-w2/Armbian-unofficial_26.11.0-trunk_Bananapiw2_resolute_legacy_4.9.119_minimal.img.xz	09517d9d67e72154d50acc03e94fbceb43c8883f88a564663896396d57ab784b	c8673931c96c23c510dd29a28440e77f0b03286f	6a9a29372b9ef64baaf790b24ccad2f3b4ba6940a6ddfa932ddd8bb08171a633
bpi-w2/bananapiw2/legacy/resolute/xfce	p1-c867	採用	/media/pi/SMCI/bpi/parallel-release-c8673931c96c/bpi-w2/Armbian-unofficial_26.11.0-trunk_Bananapiw2_resolute_legacy_4.9.119_xfce_desktop.img.xz	a59b7579279c3f429e153c043db9e43a4721e9ad6e111e7033ea9a06d016f44c	c8673931c96c23c510dd29a28440e77f0b03286f	6a9a29372b9ef64baaf790b24ccad2f3b4ba6940a6ddfa932ddd8bb08171a633
bpi-w2/bananapiw2/legacy/trixie/minimal	p1-c867	採用	/media/pi/SMCI/bpi/parallel-release-c8673931c96c/bpi-w2/Armbian-unofficial_26.11.0-trunk_Bananapiw2_trixie_legacy_4.9.119_minimal.img.xz	8a61edeeb64748117ee364436c030b8383b97101981286a16b67d50c19e74052	c8673931c96c23c510dd29a28440e77f0b03286f	6a9a29372b9ef64baaf790b24ccad2f3b4ba6940a6ddfa932ddd8bb08171a633
bpi-w2/bananapiw2/legacy/trixie/xfce	p1-c867	採用	/media/pi/SMCI/bpi/parallel-release-c8673931c96c/bpi-w2/Armbian-unofficial_26.11.0-trunk_Bananapiw2_trixie_legacy_4.9.119_xfce_desktop.img.xz	ba4fde019ae2c3873aa681e5ffaa0eeae162b65da8547869fbe7bce593d5ce31	c8673931c96c23c510dd29a28440e77f0b03286f	6a9a29372b9ef64baaf790b24ccad2f3b4ba6940a6ddfa932ddd8bb08171a633
bpi-w3/bananapiw3/vendor/bookworm/minimal	p1-c867	採用	/media/pi/SMCI/bpi/parallel-release-c8673931c96c/bpi-w3/Armbian-unofficial_26.11.0-trunk_Bananapiw3_bookworm_vendor_6.1.115_minimal.img.xz	bb2820c6ee8a607c58cc740fe5d07c08d062a1d449c53b45e1c6bf10e0aa23b4	c8673931c96c23c510dd29a28440e77f0b03286f	6a9a29372b9ef64baaf790b24ccad2f3b4ba6940a6ddfa932ddd8bb08171a633
bpi-w3/bananapiw3/vendor/bookworm/xfce	p1-c867	採用	/media/pi/SMCI/bpi/parallel-release-c8673931c96c/bpi-w3/Armbian-unofficial_26.11.0-trunk_Bananapiw3_bookworm_vendor_6.1.115_xfce_desktop.img.xz	25de91005f8079b0882e861f9bf2d43ddec9896cc0c5c61fb1902acbce734e80	c8673931c96c23c510dd29a28440e77f0b03286f	6a9a29372b9ef64baaf790b24ccad2f3b4ba6940a6ddfa932ddd8bb08171a633
bpi-w3/bananapiw3/vendor/jammy/minimal	p1-c867	採用	/media/pi/SMCI/bpi/parallel-release-c8673931c96c/bpi-w3/Armbian-unofficial_26.11.0-trunk_Bananapiw3_jammy_vendor_6.1.115_minimal.img.xz	a392102b12e397d6d67bb023d031963e41f6f25c03f4262cc82be03f755259b9	c8673931c96c23c510dd29a28440e77f0b03286f	6a9a29372b9ef64baaf790b24ccad2f3b4ba6940a6ddfa932ddd8bb08171a633
bpi-w3/bananapiw3/vendor/jammy/xfce	p1-c867	採用	/media/pi/SMCI/bpi/parallel-release-c8673931c96c/bpi-w3/Armbian-unofficial_26.11.0-trunk_Bananapiw3_jammy_vendor_6.1.115_xfce_desktop.img.xz	0ef692722888c2b64ad0cdcc8886d2854f174029650b1d356b644f7a58e5b106	c8673931c96c23c510dd29a28440e77f0b03286f	6a9a29372b9ef64baaf790b24ccad2f3b4ba6940a6ddfa932ddd8bb08171a633
bpi-w3/bananapiw3/vendor/noble/minimal	p1-c867	採用	/media/pi/SMCI/bpi/parallel-release-c8673931c96c/bpi-w3/Armbian-unofficial_26.11.0-trunk_Bananapiw3_noble_vendor_6.1.115_minimal.img.xz	9aa3ca845f7d251a1a5a9b45a43628eb08b8705369ca15763027258d0bdf913f	c8673931c96c23c510dd29a28440e77f0b03286f	6a9a29372b9ef64baaf790b24ccad2f3b4ba6940a6ddfa932ddd8bb08171a633
bpi-w3/bananapiw3/vendor/noble/xfce	p1-c867	採用	/media/pi/SMCI/bpi/parallel-release-c8673931c96c/bpi-w3/Armbian-unofficial_26.11.0-trunk_Bananapiw3_noble_vendor_6.1.115_xfce_desktop.img.xz	e51d421ed61c22768b4961d5906c7406aa1ce56ff5cee35fd2977b3f9376e404	c8673931c96c23c510dd29a28440e77f0b03286f	6a9a29372b9ef64baaf790b24ccad2f3b4ba6940a6ddfa932ddd8bb08171a633
bpi-w3/bananapiw3/vendor/resolute/minimal	p1-c867	採用	/media/pi/SMCI/bpi/parallel-release-c8673931c96c/bpi-w3/Armbian-unofficial_26.11.0-trunk_Bananapiw3_resolute_vendor_6.1.115_minimal.img.xz	b5fe8fc6a3635d8559bc481eb0212a7978a8abca7386c01e3d0c17e5e8d578ca	c8673931c96c23c510dd29a28440e77f0b03286f	6a9a29372b9ef64baaf790b24ccad2f3b4ba6940a6ddfa932ddd8bb08171a633
bpi-w3/bananapiw3/vendor/resolute/xfce	p1-c867	採用	/media/pi/SMCI/bpi/parallel-release-c8673931c96c/bpi-w3/Armbian-unofficial_26.11.0-trunk_Bananapiw3_resolute_vendor_6.1.115_xfce_desktop.img.xz	9dce3c1c9071432cd1249ac3126430bfbcc432dbe1fb6368b7e953470e3bf78e	c8673931c96c23c510dd29a28440e77f0b03286f	6a9a29372b9ef64baaf790b24ccad2f3b4ba6940a6ddfa932ddd8bb08171a633
bpi-w3/bananapiw3/vendor/trixie/minimal	p1-c867	採用	/media/pi/SMCI/bpi/parallel-release-c8673931c96c/bpi-w3/Armbian-unofficial_26.11.0-trunk_Bananapiw3_trixie_vendor_6.1.115_minimal.img.xz	015de71fdf193606c5d9cf4cb0d93465db23b4456dafe547ab3e73ffc9921625	c8673931c96c23c510dd29a28440e77f0b03286f	6a9a29372b9ef64baaf790b24ccad2f3b4ba6940a6ddfa932ddd8bb08171a633
bpi-w3/bananapiw3/vendor/trixie/xfce	p1-c867	採用	/media/pi/SMCI/bpi/parallel-release-c8673931c96c/bpi-w3/Armbian-unofficial_26.11.0-trunk_Bananapiw3_trixie_vendor_6.1.115_xfce_desktop.img.xz	b7ccdf3a3f2c00cb362b57b27166b00a98320c420e4af10afc78284c36fa7a47	c8673931c96c23c510dd29a28440e77f0b03286f	6a9a29372b9ef64baaf790b24ccad2f3b4ba6940a6ddfa932ddd8bb08171a633
