板目錄	板卡	分支	發行版	類型	動作	原因
bpi-6204	bananapi6204	legacy	trixie	minimal	建置缺少項目	bpi-6204/bananapi6204/legacy/trixie/minimal
bpi-6204	bananapi6204	legacy	trixie	xfce	建置缺少項目	bpi-6204/bananapi6204/legacy/trixie/xfce
bpi-6204	bananapi6204	legacy	bookworm	minimal	建置缺少項目	bpi-6204/bananapi6204/legacy/bookworm/minimal
bpi-6204	bananapi6204	legacy	bookworm	xfce	建置缺少項目	bpi-6204/bananapi6204/legacy/bookworm/xfce
bpi-6204	bananapi6204	legacy	jammy	minimal	建置缺少項目	bpi-6204/bananapi6204/legacy/jammy/minimal
bpi-6204	bananapi6204	legacy	jammy	xfce	建置缺少項目	bpi-6204/bananapi6204/legacy/jammy/xfce
bpi-6204	bananapi6204	legacy	noble	minimal	建置缺少項目	bpi-6204/bananapi6204/legacy/noble/minimal
bpi-6204	bananapi6204	legacy	noble	xfce	建置缺少項目	bpi-6204/bananapi6204/legacy/noble/xfce
bpi-6204	bananapi6204	legacy	resolute	minimal	建置缺少項目	bpi-6204/bananapi6204/legacy/resolute/minimal
bpi-6204	bananapi6204	legacy	resolute	xfce	建置缺少項目	bpi-6204/bananapi6204/legacy/resolute/xfce
bpi-ai2n	bpi-ai2n	legacy	trixie	minimal	建置缺少項目	bpi-ai2n/bpi-ai2n/legacy/trixie/minimal
bpi-ai2n	bpi-ai2n	legacy	trixie	xfce	建置缺少項目	bpi-ai2n/bpi-ai2n/legacy/trixie/xfce
bpi-ai2n	bpi-ai2n	legacy	bookworm	minimal	建置缺少項目	bpi-ai2n/bpi-ai2n/legacy/bookworm/minimal
bpi-ai2n	bpi-ai2n	legacy	bookworm	xfce	建置缺少項目	bpi-ai2n/bpi-ai2n/legacy/bookworm/xfce
bpi-ai2n	bpi-ai2n	legacy	jammy	minimal	建置缺少項目	bpi-ai2n/bpi-ai2n/legacy/jammy/minimal
bpi-ai2n	bpi-ai2n	legacy	jammy	xfce	建置缺少項目	bpi-ai2n/bpi-ai2n/legacy/jammy/xfce
bpi-ai2n	bpi-ai2n	legacy	noble	minimal	建置缺少項目	bpi-ai2n/bpi-ai2n/legacy/noble/minimal
bpi-ai2n	bpi-ai2n	legacy	noble	xfce	建置缺少項目	bpi-ai2n/bpi-ai2n/legacy/noble/xfce
bpi-ai2n	bpi-ai2n	legacy	resolute	minimal	建置缺少項目	bpi-ai2n/bpi-ai2n/legacy/resolute/minimal
bpi-ai2n	bpi-ai2n	legacy	resolute	xfce	建置缺少項目	bpi-ai2n/bpi-ai2n/legacy/resolute/xfce
bpi-aim7	bananapiaim7	vendor	trixie	minimal	建置缺少項目	bpi-aim7/bananapiaim7/vendor/trixie/minimal
bpi-aim7	bananapiaim7	vendor	trixie	xfce	建置缺少項目	bpi-aim7/bananapiaim7/vendor/trixie/xfce
bpi-aim7	bananapiaim7	vendor	bookworm	minimal	建置缺少項目	bpi-aim7/bananapiaim7/vendor/bookworm/minimal
bpi-aim7	bananapiaim7	vendor	bookworm	xfce	建置缺少項目	bpi-aim7/bananapiaim7/vendor/bookworm/xfce
bpi-aim7	bananapiaim7	vendor	jammy	minimal	建置缺少項目	bpi-aim7/bananapiaim7/vendor/jammy/minimal
bpi-aim7	bananapiaim7	vendor	jammy	xfce	建置缺少項目	bpi-aim7/bananapiaim7/vendor/jammy/xfce
bpi-aim7	bananapiaim7	vendor	noble	minimal	建置缺少項目	bpi-aim7/bananapiaim7/vendor/noble/minimal
bpi-aim7	bananapiaim7	vendor	noble	xfce	建置缺少項目	bpi-aim7/bananapiaim7/vendor/noble/xfce
bpi-aim7	bananapiaim7	vendor	resolute	minimal	建置缺少項目	bpi-aim7/bananapiaim7/vendor/resolute/minimal
bpi-aim7	bananapiaim7	vendor	resolute	xfce	建置缺少項目	bpi-aim7/bananapiaim7/vendor/resolute/xfce
bpi-cm4io	bananapicm4io	current	trixie	minimal	建置缺少項目	bpi-cm4io/bananapicm4io/current/trixie/minimal
bpi-cm4io	bananapicm4io	current	trixie	xfce	建置缺少項目	bpi-cm4io/bananapicm4io/current/trixie/xfce
bpi-cm4io	bananapicm4io	current	bookworm	minimal	建置缺少項目	bpi-cm4io/bananapicm4io/current/bookworm/minimal
bpi-cm4io	bananapicm4io	current	bookworm	xfce	建置缺少項目	bpi-cm4io/bananapicm4io/current/bookworm/xfce
bpi-cm4io	bananapicm4io	current	jammy	minimal	建置缺少項目	bpi-cm4io/bananapicm4io/current/jammy/minimal
bpi-cm4io	bananapicm4io	current	jammy	xfce	建置缺少項目	bpi-cm4io/bananapicm4io/current/jammy/xfce
bpi-cm4io	bananapicm4io	current	noble	minimal	建置缺少項目	bpi-cm4io/bananapicm4io/current/noble/minimal
bpi-cm4io	bananapicm4io	current	noble	xfce	建置缺少項目	bpi-cm4io/bananapicm4io/current/noble/xfce
bpi-cm4io	bananapicm4io	current	resolute	minimal	建置缺少項目	bpi-cm4io/bananapicm4io/current/resolute/minimal
bpi-cm4io	bananapicm4io	current	resolute	xfce	建置缺少項目	bpi-cm4io/bananapicm4io/current/resolute/xfce
bpi-cm5pro	bananapicm5pro	vendor	trixie	minimal	建置缺少項目	bpi-cm5pro/bananapicm5pro/vendor/trixie/minimal
bpi-cm5pro	bananapicm5pro	vendor	trixie	xfce	建置缺少項目	bpi-cm5pro/bananapicm5pro/vendor/trixie/xfce
bpi-cm5pro	bananapicm5pro	vendor	bookworm	minimal	建置缺少項目	bpi-cm5pro/bananapicm5pro/vendor/bookworm/minimal
bpi-cm5pro	bananapicm5pro	vendor	bookworm	xfce	建置缺少項目	bpi-cm5pro/bananapicm5pro/vendor/bookworm/xfce
bpi-cm5pro	bananapicm5pro	vendor	jammy	minimal	建置缺少項目	bpi-cm5pro/bananapicm5pro/vendor/jammy/minimal
bpi-cm5pro	bananapicm5pro	vendor	jammy	xfce	建置缺少項目	bpi-cm5pro/bananapicm5pro/vendor/jammy/xfce
bpi-cm5pro	bananapicm5pro	vendor	noble	minimal	建置缺少項目	bpi-cm5pro/bananapicm5pro/vendor/noble/minimal
bpi-cm5pro	bananapicm5pro	vendor	noble	xfce	建置缺少項目	bpi-cm5pro/bananapicm5pro/vendor/noble/xfce
bpi-cm5pro	bananapicm5pro	vendor	resolute	minimal	建置缺少項目	bpi-cm5pro/bananapicm5pro/vendor/resolute/minimal
bpi-cm5pro	bananapicm5pro	vendor	resolute	xfce	建置缺少項目	bpi-cm5pro/bananapicm5pro/vendor/resolute/xfce
bpi-cm6	bananapicm6	legacy	trixie	minimal	建置缺少項目	bpi-cm6/bananapicm6/legacy/trixie/minimal
bpi-cm6	bananapicm6	legacy	trixie	xfce	建置缺少項目	bpi-cm6/bananapicm6/legacy/trixie/xfce
bpi-cm6	bananapicm6	legacy	jammy	minimal	建置缺少項目	bpi-cm6/bananapicm6/legacy/jammy/minimal
bpi-cm6	bananapicm6	legacy	jammy	xfce	建置缺少項目	bpi-cm6/bananapicm6/legacy/jammy/xfce
bpi-cm6	bananapicm6	legacy	noble	minimal	建置缺少項目	bpi-cm6/bananapicm6/legacy/noble/minimal
bpi-cm6	bananapicm6	legacy	noble	xfce	建置缺少項目	bpi-cm6/bananapicm6/legacy/noble/xfce
bpi-cm6	bananapicm6	legacy	resolute	minimal	建置缺少項目	bpi-cm6/bananapicm6/legacy/resolute/minimal
bpi-cm6	bananapicm6	legacy	resolute	xfce	建置缺少項目	bpi-cm6/bananapicm6/legacy/resolute/xfce
bpi-f2p	bananapif2p	legacy	trixie	minimal	建置缺少項目	bpi-f2p/bananapif2p/legacy/trixie/minimal
bpi-f2p	bananapif2p	legacy	trixie	xfce	建置缺少項目	bpi-f2p/bananapif2p/legacy/trixie/xfce
bpi-f2p	bananapif2p	legacy	bookworm	minimal	建置缺少項目	bpi-f2p/bananapif2p/legacy/bookworm/minimal
bpi-f2p	bananapif2p	legacy	bookworm	xfce	建置缺少項目	bpi-f2p/bananapif2p/legacy/bookworm/xfce
bpi-f2p	bananapif2p	legacy	jammy	minimal	建置缺少項目	bpi-f2p/bananapif2p/legacy/jammy/minimal
bpi-f2p	bananapif2p	legacy	jammy	xfce	建置缺少項目	bpi-f2p/bananapif2p/legacy/jammy/xfce
bpi-f2p	bananapif2p	legacy	noble	minimal	建置缺少項目	bpi-f2p/bananapif2p/legacy/noble/minimal
bpi-f2p	bananapif2p	legacy	noble	xfce	建置缺少項目	bpi-f2p/bananapif2p/legacy/noble/xfce
bpi-f2p	bananapif2p	legacy	resolute	minimal	建置缺少項目	bpi-f2p/bananapif2p/legacy/resolute/minimal
bpi-f2p	bananapif2p	legacy	resolute	xfce	建置缺少項目	bpi-f2p/bananapif2p/legacy/resolute/xfce
bpi-f2s	bananapif2s	legacy	trixie	minimal	建置缺少項目	bpi-f2s/bananapif2s/legacy/trixie/minimal
bpi-f2s	bananapif2s	legacy	trixie	xfce	建置缺少項目	bpi-f2s/bananapif2s/legacy/trixie/xfce
bpi-f2s	bananapif2s	legacy	bookworm	minimal	建置缺少項目	bpi-f2s/bananapif2s/legacy/bookworm/minimal
bpi-f2s	bananapif2s	legacy	bookworm	xfce	建置缺少項目	bpi-f2s/bananapif2s/legacy/bookworm/xfce
bpi-f2s	bananapif2s	legacy	jammy	minimal	建置缺少項目	bpi-f2s/bananapif2s/legacy/jammy/minimal
bpi-f2s	bananapif2s	legacy	jammy	xfce	建置缺少項目	bpi-f2s/bananapif2s/legacy/jammy/xfce
bpi-f2s	bananapif2s	legacy	noble	minimal	建置缺少項目	bpi-f2s/bananapif2s/legacy/noble/minimal
bpi-f2s	bananapif2s	legacy	noble	xfce	建置缺少項目	bpi-f2s/bananapif2s/legacy/noble/xfce
bpi-f2s	bananapif2s	legacy	resolute	minimal	建置缺少項目	bpi-f2s/bananapif2s/legacy/resolute/minimal
bpi-f2s	bananapif2s	legacy	resolute	xfce	建置缺少項目	bpi-f2s/bananapif2s/legacy/resolute/xfce
bpi-f3	bananapif3	current	trixie	minimal	建置缺少項目	bpi-f3/bananapif3/current/trixie/minimal
bpi-f3	bananapif3	current	trixie	xfce	建置缺少項目	bpi-f3/bananapif3/current/trixie/xfce
bpi-f3	bananapif3	current	jammy	minimal	建置缺少項目	bpi-f3/bananapif3/current/jammy/minimal
bpi-f3	bananapif3	current	jammy	xfce	建置缺少項目	bpi-f3/bananapif3/current/jammy/xfce
bpi-f3	bananapif3	current	noble	minimal	建置缺少項目	bpi-f3/bananapif3/current/noble/minimal
bpi-f3	bananapif3	current	noble	xfce	建置缺少項目	bpi-f3/bananapif3/current/noble/xfce
bpi-f3	bananapif3	current	resolute	minimal	建置缺少項目	bpi-f3/bananapif3/current/resolute/minimal
bpi-f3	bananapif3	current	resolute	xfce	建置缺少項目	bpi-f3/bananapif3/current/resolute/xfce
bpi-forge1	bananapiforge1	vendor	trixie	minimal	建置缺少項目	bpi-forge1/bananapiforge1/vendor/trixie/minimal
bpi-forge1	bananapiforge1	vendor	trixie	xfce	建置缺少項目	bpi-forge1/bananapiforge1/vendor/trixie/xfce
bpi-forge1	bananapiforge1	vendor	bookworm	minimal	建置缺少項目	bpi-forge1/bananapiforge1/vendor/bookworm/minimal
bpi-forge1	bananapiforge1	vendor	bookworm	xfce	建置缺少項目	bpi-forge1/bananapiforge1/vendor/bookworm/xfce
bpi-forge1	bananapiforge1	vendor	jammy	minimal	建置缺少項目	bpi-forge1/bananapiforge1/vendor/jammy/minimal
bpi-forge1	bananapiforge1	vendor	jammy	xfce	建置缺少項目	bpi-forge1/bananapiforge1/vendor/jammy/xfce
bpi-forge1	bananapiforge1	vendor	noble	minimal	建置缺少項目	bpi-forge1/bananapiforge1/vendor/noble/minimal
bpi-forge1	bananapiforge1	vendor	noble	xfce	建置缺少項目	bpi-forge1/bananapiforge1/vendor/noble/xfce
bpi-forge1	bananapiforge1	vendor	resolute	minimal	建置缺少項目	bpi-forge1/bananapiforge1/vendor/resolute/minimal
bpi-forge1	bananapiforge1	vendor	resolute	xfce	建置缺少項目	bpi-forge1/bananapiforge1/vendor/resolute/xfce
bpi-m1super	bananapim1super	vendor	bookworm	xfce	建置缺少項目	bpi-m1super/bananapim1super/vendor/bookworm/xfce
bpi-m1super	bananapim1super	vendor	jammy	minimal	建置缺少項目	bpi-m1super/bananapim1super/vendor/jammy/minimal
bpi-m1super	bananapim1super	vendor	jammy	xfce	建置缺少項目	bpi-m1super/bananapim1super/vendor/jammy/xfce
bpi-m1super	bananapim1super	vendor	noble	minimal	建置缺少項目	bpi-m1super/bananapim1super/vendor/noble/minimal
bpi-m1super	bananapim1super	vendor	noble	xfce	建置缺少項目	bpi-m1super/bananapim1super/vendor/noble/xfce
bpi-m1super	bananapim1super	vendor	resolute	minimal	建置缺少項目	bpi-m1super/bananapim1super/vendor/resolute/minimal
bpi-m1super	bananapim1super	vendor	resolute	xfce	建置缺少項目	bpi-m1super/bananapim1super/vendor/resolute/xfce
bpi-m2	bananapim2	current	trixie	minimal	建置缺少項目	bpi-m2/bananapim2/current/trixie/minimal
bpi-m2	bananapim2	current	trixie	xfce	建置缺少項目	bpi-m2/bananapim2/current/trixie/xfce
bpi-m2	bananapim2	current	bookworm	minimal	建置缺少項目	bpi-m2/bananapim2/current/bookworm/minimal
bpi-m2	bananapim2	current	bookworm	xfce	建置缺少項目	bpi-m2/bananapim2/current/bookworm/xfce
bpi-m2	bananapim2	current	jammy	minimal	建置缺少項目	bpi-m2/bananapim2/current/jammy/minimal
bpi-m2	bananapim2	current	jammy	xfce	建置缺少項目	bpi-m2/bananapim2/current/jammy/xfce
bpi-m2	bananapim2	current	noble	minimal	建置缺少項目	bpi-m2/bananapim2/current/noble/minimal
bpi-m2	bananapim2	current	noble	xfce	建置缺少項目	bpi-m2/bananapim2/current/noble/xfce
bpi-m2	bananapim2	current	resolute	minimal	建置缺少項目	bpi-m2/bananapim2/current/resolute/minimal
bpi-m2	bananapim2	current	resolute	xfce	建置缺少項目	bpi-m2/bananapim2/current/resolute/xfce
bpi-m2b	bananapim2berry	current	trixie	minimal	建置缺少項目	bpi-m2b/bananapim2berry/current/trixie/minimal
bpi-m2b	bananapim2berry	current	trixie	xfce	建置缺少項目	bpi-m2b/bananapim2berry/current/trixie/xfce
bpi-m2b	bananapim2berry	current	bookworm	minimal	建置缺少項目	bpi-m2b/bananapim2berry/current/bookworm/minimal
bpi-m2b	bananapim2berry	current	bookworm	xfce	建置缺少項目	bpi-m2b/bananapim2berry/current/bookworm/xfce
bpi-m2b	bananapim2berry	current	jammy	minimal	建置缺少項目	bpi-m2b/bananapim2berry/current/jammy/minimal
bpi-m2b	bananapim2berry	current	jammy	xfce	建置缺少項目	bpi-m2b/bananapim2berry/current/jammy/xfce
bpi-m2b	bananapim2berry	current	noble	minimal	建置缺少項目	bpi-m2b/bananapim2berry/current/noble/minimal
bpi-m2b	bananapim2berry	current	noble	xfce	建置缺少項目	bpi-m2b/bananapim2berry/current/noble/xfce
bpi-m2b	bananapim2berry	current	resolute	minimal	建置缺少項目	bpi-m2b/bananapim2berry/current/resolute/minimal
bpi-m2b	bananapim2berry	current	resolute	xfce	建置缺少項目	bpi-m2b/bananapim2berry/current/resolute/xfce
bpi-m2m	bananapim2magic	current	trixie	minimal	建置缺少項目	bpi-m2m/bananapim2magic/current/trixie/minimal
bpi-m2m	bananapim2magic	current	trixie	xfce	建置缺少項目	bpi-m2m/bananapim2magic/current/trixie/xfce
bpi-m2m	bananapim2magic	current	bookworm	minimal	建置缺少項目	bpi-m2m/bananapim2magic/current/bookworm/minimal
bpi-m2m	bananapim2magic	current	bookworm	xfce	建置缺少項目	bpi-m2m/bananapim2magic/current/bookworm/xfce
bpi-m2m	bananapim2magic	current	jammy	minimal	建置缺少項目	bpi-m2m/bananapim2magic/current/jammy/minimal
bpi-m2m	bananapim2magic	current	jammy	xfce	建置缺少項目	bpi-m2m/bananapim2magic/current/jammy/xfce
bpi-m2m	bananapim2magic	current	noble	minimal	建置缺少項目	bpi-m2m/bananapim2magic/current/noble/minimal
bpi-m2m	bananapim2magic	current	noble	xfce	建置缺少項目	bpi-m2m/bananapim2magic/current/noble/xfce
bpi-m2m	bananapim2magic	current	resolute	minimal	建置缺少項目	bpi-m2m/bananapim2magic/current/resolute/minimal
bpi-m2m	bananapim2magic	current	resolute	xfce	建置缺少項目	bpi-m2m/bananapim2magic/current/resolute/xfce
bpi-m2p	bananapim2plus	current	trixie	minimal	建置缺少項目	bpi-m2p/bananapim2plus/current/trixie/minimal
bpi-m2p	bananapim2plus	current	trixie	xfce	建置缺少項目	bpi-m2p/bananapim2plus/current/trixie/xfce
bpi-m2p	bananapim2plus	current	bookworm	minimal	建置缺少項目	bpi-m2p/bananapim2plus/current/bookworm/minimal
bpi-m2p	bananapim2plus	current	bookworm	xfce	建置缺少項目	bpi-m2p/bananapim2plus/current/bookworm/xfce
bpi-m2p	bananapim2plus	current	jammy	minimal	建置缺少項目	bpi-m2p/bananapim2plus/current/jammy/minimal
bpi-m2p	bananapim2plus	current	jammy	xfce	建置缺少項目	bpi-m2p/bananapim2plus/current/jammy/xfce
bpi-m2p	bananapim2plus	current	noble	minimal	建置缺少項目	bpi-m2p/bananapim2plus/current/noble/minimal
bpi-m2p	bananapim2plus	current	noble	xfce	建置缺少項目	bpi-m2p/bananapim2plus/current/noble/xfce
bpi-m2p	bananapim2plus	current	resolute	minimal	建置缺少項目	bpi-m2p/bananapim2plus/current/resolute/minimal
bpi-m2p	bananapim2plus	current	resolute	xfce	建置缺少項目	bpi-m2p/bananapim2plus/current/resolute/xfce
bpi-m2u	bananapim2ultra	current	trixie	minimal	建置缺少項目	bpi-m2u/bananapim2ultra/current/trixie/minimal
bpi-m2u	bananapim2ultra	current	trixie	xfce	建置缺少項目	bpi-m2u/bananapim2ultra/current/trixie/xfce
bpi-m2u	bananapim2ultra	current	bookworm	minimal	建置缺少項目	bpi-m2u/bananapim2ultra/current/bookworm/minimal
bpi-m2u	bananapim2ultra	current	bookworm	xfce	建置缺少項目	bpi-m2u/bananapim2ultra/current/bookworm/xfce
bpi-m2u	bananapim2ultra	current	jammy	minimal	建置缺少項目	bpi-m2u/bananapim2ultra/current/jammy/minimal
bpi-m2u	bananapim2ultra	current	jammy	xfce	建置缺少項目	bpi-m2u/bananapim2ultra/current/jammy/xfce
bpi-m2u	bananapim2ultra	current	noble	minimal	建置缺少項目	bpi-m2u/bananapim2ultra/current/noble/minimal
bpi-m2u	bananapim2ultra	current	noble	xfce	建置缺少項目	bpi-m2u/bananapim2ultra/current/noble/xfce
bpi-m2u	bananapim2ultra	current	resolute	minimal	建置缺少項目	bpi-m2u/bananapim2ultra/current/resolute/minimal
bpi-m2u	bananapim2ultra	current	resolute	xfce	建置缺少項目	bpi-m2u/bananapim2ultra/current/resolute/xfce
bpi-m2z	bananapim2zero	current	trixie	minimal	建置缺少項目	bpi-m2z/bananapim2zero/current/trixie/minimal
bpi-m2z	bananapim2zero	current	trixie	xfce	建置缺少項目	bpi-m2z/bananapim2zero/current/trixie/xfce
bpi-m2z	bananapim2zero	current	bookworm	minimal	建置缺少項目	bpi-m2z/bananapim2zero/current/bookworm/minimal
bpi-m2z	bananapim2zero	current	bookworm	xfce	建置缺少項目	bpi-m2z/bananapim2zero/current/bookworm/xfce
bpi-m2z	bananapim2zero	current	jammy	minimal	建置缺少項目	bpi-m2z/bananapim2zero/current/jammy/minimal
bpi-m2z	bananapim2zero	current	jammy	xfce	建置缺少項目	bpi-m2z/bananapim2zero/current/jammy/xfce
bpi-m2z	bananapim2zero	current	noble	minimal	建置缺少項目	bpi-m2z/bananapim2zero/current/noble/minimal
bpi-m2z	bananapim2zero	current	noble	xfce	建置缺少項目	bpi-m2z/bananapim2zero/current/noble/xfce
bpi-m2z	bananapim2zero	current	resolute	minimal	建置缺少項目	bpi-m2z/bananapim2zero/current/resolute/minimal
bpi-m2z	bananapim2zero	current	resolute	xfce	建置缺少項目	bpi-m2z/bananapim2zero/current/resolute/xfce
bpi-m3	bananapim3	current	trixie	minimal	建置缺少項目	bpi-m3/bananapim3/current/trixie/minimal
bpi-m3	bananapim3	current	trixie	xfce	建置缺少項目	bpi-m3/bananapim3/current/trixie/xfce
bpi-m3	bananapim3	current	bookworm	minimal	建置缺少項目	bpi-m3/bananapim3/current/bookworm/minimal
bpi-m3	bananapim3	current	bookworm	xfce	建置缺少項目	bpi-m3/bananapim3/current/bookworm/xfce
bpi-m3	bananapim3	current	jammy	minimal	建置缺少項目	bpi-m3/bananapim3/current/jammy/minimal
bpi-m3	bananapim3	current	jammy	xfce	建置缺少項目	bpi-m3/bananapim3/current/jammy/xfce
bpi-m3	bananapim3	current	noble	minimal	建置缺少項目	bpi-m3/bananapim3/current/noble/minimal
bpi-m3	bananapim3	current	noble	xfce	建置缺少項目	bpi-m3/bananapim3/current/noble/xfce
bpi-m3	bananapim3	current	resolute	minimal	建置缺少項目	bpi-m3/bananapim3/current/resolute/minimal
bpi-m3	bananapim3	current	resolute	xfce	建置缺少項目	bpi-m3/bananapim3/current/resolute/xfce
bpi-m4	bananapim4	legacy	trixie	minimal	建置缺少項目	bpi-m4/bananapim4/legacy/trixie/minimal
bpi-m4	bananapim4	legacy	trixie	xfce	建置缺少項目	bpi-m4/bananapim4/legacy/trixie/xfce
bpi-m4	bananapim4	legacy	bookworm	minimal	建置缺少項目	bpi-m4/bananapim4/legacy/bookworm/minimal
bpi-m4	bananapim4	legacy	bookworm	xfce	建置缺少項目	bpi-m4/bananapim4/legacy/bookworm/xfce
bpi-m4	bananapim4	legacy	jammy	minimal	建置缺少項目	bpi-m4/bananapim4/legacy/jammy/minimal
bpi-m4	bananapim4	legacy	jammy	xfce	建置缺少項目	bpi-m4/bananapim4/legacy/jammy/xfce
bpi-m4	bananapim4	legacy	noble	minimal	建置缺少項目	bpi-m4/bananapim4/legacy/noble/minimal
bpi-m4	bananapim4	legacy	noble	xfce	建置缺少項目	bpi-m4/bananapim4/legacy/noble/xfce
bpi-m4	bananapim4	legacy	resolute	minimal	建置缺少項目	bpi-m4/bananapim4/legacy/resolute/minimal
bpi-m4	bananapim4	legacy	resolute	xfce	建置缺少項目	bpi-m4/bananapim4/legacy/resolute/xfce
bpi-m4b	bananapim4berry	current	trixie	minimal	建置缺少項目	bpi-m4b/bananapim4berry/current/trixie/minimal
bpi-m4b	bananapim4berry	current	trixie	xfce	建置缺少項目	bpi-m4b/bananapim4berry/current/trixie/xfce
bpi-m4b	bananapim4berry	current	bookworm	minimal	建置缺少項目	bpi-m4b/bananapim4berry/current/bookworm/minimal
bpi-m4b	bananapim4berry	current	bookworm	xfce	建置缺少項目	bpi-m4b/bananapim4berry/current/bookworm/xfce
bpi-m4b	bananapim4berry	current	jammy	minimal	建置缺少項目	bpi-m4b/bananapim4berry/current/jammy/minimal
bpi-m4b	bananapim4berry	current	jammy	xfce	建置缺少項目	bpi-m4b/bananapim4berry/current/jammy/xfce
bpi-m4b	bananapim4berry	current	noble	minimal	建置缺少項目	bpi-m4b/bananapim4berry/current/noble/minimal
bpi-m4b	bananapim4berry	current	noble	xfce	建置缺少項目	bpi-m4b/bananapim4berry/current/noble/xfce
bpi-m4b	bananapim4berry	current	resolute	minimal	建置缺少項目	bpi-m4b/bananapim4berry/current/resolute/minimal
bpi-m4b	bananapim4berry	current	resolute	xfce	建置缺少項目	bpi-m4b/bananapim4berry/current/resolute/xfce
bpi-m4z	bananapim4zero	current	trixie	minimal	建置缺少項目	bpi-m4z/bananapim4zero/current/trixie/minimal
bpi-m4z	bananapim4zero	current	trixie	xfce	建置缺少項目	bpi-m4z/bananapim4zero/current/trixie/xfce
bpi-m4z	bananapim4zero	current	bookworm	minimal	建置缺少項目	bpi-m4z/bananapim4zero/current/bookworm/minimal
bpi-m4z	bananapim4zero	current	bookworm	xfce	建置缺少項目	bpi-m4z/bananapim4zero/current/bookworm/xfce
bpi-m4z	bananapim4zero	current	jammy	minimal	建置缺少項目	bpi-m4z/bananapim4zero/current/jammy/minimal
bpi-m4z	bananapim4zero	current	jammy	xfce	建置缺少項目	bpi-m4z/bananapim4zero/current/jammy/xfce
bpi-m4z	bananapim4zero	current	noble	minimal	建置缺少項目	bpi-m4z/bananapim4zero/current/noble/minimal
bpi-m4z	bananapim4zero	current	noble	xfce	建置缺少項目	bpi-m4z/bananapim4zero/current/noble/xfce
bpi-m4z	bananapim4zero	current	resolute	minimal	建置缺少項目	bpi-m4z/bananapim4zero/current/resolute/minimal
bpi-m4z	bananapim4zero	current	resolute	xfce	建置缺少項目	bpi-m4z/bananapim4zero/current/resolute/xfce
bpi-m4z-emac	bananapim4zeroemac	current	trixie	minimal	建置缺少項目	bpi-m4z-emac/bananapim4zeroemac/current/trixie/minimal
bpi-m4z-emac	bananapim4zeroemac	current	trixie	xfce	建置缺少項目	bpi-m4z-emac/bananapim4zeroemac/current/trixie/xfce
bpi-m4z-emac	bananapim4zeroemac	current	bookworm	minimal	建置缺少項目	bpi-m4z-emac/bananapim4zeroemac/current/bookworm/minimal
bpi-m4z-emac	bananapim4zeroemac	current	bookworm	xfce	建置缺少項目	bpi-m4z-emac/bananapim4zeroemac/current/bookworm/xfce
bpi-m4z-emac	bananapim4zeroemac	current	jammy	minimal	建置缺少項目	bpi-m4z-emac/bananapim4zeroemac/current/jammy/minimal
bpi-m4z-emac	bananapim4zeroemac	current	jammy	xfce	建置缺少項目	bpi-m4z-emac/bananapim4zeroemac/current/jammy/xfce
bpi-m4z-emac	bananapim4zeroemac	current	noble	minimal	建置缺少項目	bpi-m4z-emac/bananapim4zeroemac/current/noble/minimal
bpi-m4z-emac	bananapim4zeroemac	current	noble	xfce	建置缺少項目	bpi-m4z-emac/bananapim4zeroemac/current/noble/xfce
bpi-m4z-emac	bananapim4zeroemac	current	resolute	minimal	建置缺少項目	bpi-m4z-emac/bananapim4zeroemac/current/resolute/minimal
bpi-m4z-emac	bananapim4zeroemac	current	resolute	xfce	建置缺少項目	bpi-m4z-emac/bananapim4zeroemac/current/resolute/xfce
bpi-m5	bananapim5	current	trixie	minimal	建置缺少項目	bpi-m5/bananapim5/current/trixie/minimal
bpi-m5	bananapim5	current	trixie	xfce	建置缺少項目	bpi-m5/bananapim5/current/trixie/xfce
bpi-m5	bananapim5	current	bookworm	minimal	建置缺少項目	bpi-m5/bananapim5/current/bookworm/minimal
bpi-m5	bananapim5	current	bookworm	xfce	建置缺少項目	bpi-m5/bananapim5/current/bookworm/xfce
bpi-m5	bananapim5	current	jammy	minimal	建置缺少項目	bpi-m5/bananapim5/current/jammy/minimal
bpi-m5	bananapim5	current	jammy	xfce	建置缺少項目	bpi-m5/bananapim5/current/jammy/xfce
bpi-m5	bananapim5	current	noble	minimal	建置缺少項目	bpi-m5/bananapim5/current/noble/minimal
bpi-m5	bananapim5	current	noble	xfce	建置缺少項目	bpi-m5/bananapim5/current/noble/xfce
bpi-m5	bananapim5	current	resolute	minimal	建置缺少項目	bpi-m5/bananapim5/current/resolute/minimal
bpi-m5	bananapim5	current	resolute	xfce	建置缺少項目	bpi-m5/bananapim5/current/resolute/xfce
bpi-m5pro	bananapim5pro	edge	trixie	minimal	建置缺少項目	bpi-m5pro/bananapim5pro/edge/trixie/minimal
bpi-m5pro	bananapim5pro	edge	trixie	xfce	建置缺少項目	bpi-m5pro/bananapim5pro/edge/trixie/xfce
bpi-m5pro	bananapim5pro	edge	bookworm	minimal	建置缺少項目	bpi-m5pro/bananapim5pro/edge/bookworm/minimal
bpi-m5pro	bananapim5pro	edge	bookworm	xfce	建置缺少項目	bpi-m5pro/bananapim5pro/edge/bookworm/xfce
bpi-m5pro	bananapim5pro	edge	jammy	minimal	建置缺少項目	bpi-m5pro/bananapim5pro/edge/jammy/minimal
bpi-m5pro	bananapim5pro	edge	jammy	xfce	建置缺少項目	bpi-m5pro/bananapim5pro/edge/jammy/xfce
bpi-m5pro	bananapim5pro	edge	noble	minimal	建置缺少項目	bpi-m5pro/bananapim5pro/edge/noble/minimal
bpi-m5pro	bananapim5pro	edge	noble	xfce	建置缺少項目	bpi-m5pro/bananapim5pro/edge/noble/xfce
bpi-m5pro	bananapim5pro	edge	resolute	minimal	建置缺少項目	bpi-m5pro/bananapim5pro/edge/resolute/minimal
bpi-m5pro	bananapim5pro	edge	resolute	xfce	建置缺少項目	bpi-m5pro/bananapim5pro/edge/resolute/xfce
bpi-m6	bananapim6	legacy	trixie	minimal	建置缺少項目	bpi-m6/bananapim6/legacy/trixie/minimal
bpi-m6	bananapim6	legacy	trixie	xfce	建置缺少項目	bpi-m6/bananapim6/legacy/trixie/xfce
bpi-m6	bananapim6	legacy	bookworm	minimal	建置缺少項目	bpi-m6/bananapim6/legacy/bookworm/minimal
bpi-m6	bananapim6	legacy	bookworm	xfce	建置缺少項目	bpi-m6/bananapim6/legacy/bookworm/xfce
bpi-m6	bananapim6	legacy	jammy	minimal	建置缺少項目	bpi-m6/bananapim6/legacy/jammy/minimal
bpi-m6	bananapim6	legacy	jammy	xfce	建置缺少項目	bpi-m6/bananapim6/legacy/jammy/xfce
bpi-m6	bananapim6	legacy	noble	minimal	建置缺少項目	bpi-m6/bananapim6/legacy/noble/minimal
bpi-m6	bananapim6	legacy	noble	xfce	建置缺少項目	bpi-m6/bananapim6/legacy/noble/xfce
bpi-m6	bananapim6	legacy	resolute	minimal	建置缺少項目	bpi-m6/bananapim6/legacy/resolute/minimal
bpi-m6	bananapim6	legacy	resolute	xfce	建置缺少項目	bpi-m6/bananapim6/legacy/resolute/xfce
bpi-m7	bananapim7	current	trixie	minimal	建置缺少項目	bpi-m7/bananapim7/current/trixie/minimal
bpi-m7	bananapim7	current	trixie	xfce	建置缺少項目	bpi-m7/bananapim7/current/trixie/xfce
bpi-m7	bananapim7	current	bookworm	minimal	建置缺少項目	bpi-m7/bananapim7/current/bookworm/minimal
bpi-m7	bananapim7	current	bookworm	xfce	建置缺少項目	bpi-m7/bananapim7/current/bookworm/xfce
bpi-m7	bananapim7	current	jammy	minimal	建置缺少項目	bpi-m7/bananapim7/current/jammy/minimal
bpi-m7	bananapim7	current	jammy	xfce	建置缺少項目	bpi-m7/bananapim7/current/jammy/xfce
bpi-m7	bananapim7	current	noble	minimal	建置缺少項目	bpi-m7/bananapim7/current/noble/minimal
bpi-m7	bananapim7	current	noble	xfce	建置缺少項目	bpi-m7/bananapim7/current/noble/xfce
bpi-m7	bananapim7	current	resolute	minimal	建置缺少項目	bpi-m7/bananapim7/current/resolute/minimal
bpi-m7	bananapim7	current	resolute	xfce	建置缺少項目	bpi-m7/bananapim7/current/resolute/xfce
bpi-p2pro	bananapip2pro	current	trixie	minimal	建置缺少項目	bpi-p2pro/bananapip2pro/current/trixie/minimal
bpi-p2pro	bananapip2pro	current	trixie	xfce	建置缺少項目	bpi-p2pro/bananapip2pro/current/trixie/xfce
bpi-p2pro	bananapip2pro	current	bookworm	minimal	建置缺少項目	bpi-p2pro/bananapip2pro/current/bookworm/minimal
bpi-p2pro	bananapip2pro	current	bookworm	xfce	建置缺少項目	bpi-p2pro/bananapip2pro/current/bookworm/xfce
bpi-p2pro	bananapip2pro	current	jammy	minimal	建置缺少項目	bpi-p2pro/bananapip2pro/current/jammy/minimal
bpi-p2pro	bananapip2pro	current	jammy	xfce	建置缺少項目	bpi-p2pro/bananapip2pro/current/jammy/xfce
bpi-p2pro	bananapip2pro	current	noble	minimal	建置缺少項目	bpi-p2pro/bananapip2pro/current/noble/minimal
bpi-p2pro	bananapip2pro	current	noble	xfce	建置缺少項目	bpi-p2pro/bananapip2pro/current/noble/xfce
bpi-p2pro	bananapip2pro	current	resolute	minimal	建置缺少項目	bpi-p2pro/bananapip2pro/current/resolute/minimal
bpi-p2pro	bananapip2pro	current	resolute	xfce	建置缺少項目	bpi-p2pro/bananapip2pro/current/resolute/xfce
bpi-pro	bananapipro	current	noble	xfce	建置缺少項目	bpi-pro/bananapipro/current/noble/xfce
bpi-pro	bananapipro	current	resolute	minimal	建置缺少項目	bpi-pro/bananapipro/current/resolute/minimal
bpi-pro	bananapipro	current	resolute	xfce	建置缺少項目	bpi-pro/bananapipro/current/resolute/xfce
bpi-r2	bananapir2	current	trixie	minimal	建置缺少項目	bpi-r2/bananapir2/current/trixie/minimal
bpi-r2	bananapir2	current	trixie	xfce	建置缺少項目	bpi-r2/bananapir2/current/trixie/xfce
bpi-r2	bananapir2	current	bookworm	minimal	建置缺少項目	bpi-r2/bananapir2/current/bookworm/minimal
bpi-r2	bananapir2	current	bookworm	xfce	建置缺少項目	bpi-r2/bananapir2/current/bookworm/xfce
bpi-r2	bananapir2	current	jammy	minimal	建置缺少項目	bpi-r2/bananapir2/current/jammy/minimal
bpi-r2	bananapir2	current	jammy	xfce	建置缺少項目	bpi-r2/bananapir2/current/jammy/xfce
bpi-r2	bananapir2	current	noble	minimal	建置缺少項目	bpi-r2/bananapir2/current/noble/minimal
bpi-r2	bananapir2	current	noble	xfce	建置缺少項目	bpi-r2/bananapir2/current/noble/xfce
bpi-r2	bananapir2	current	resolute	minimal	建置缺少項目	bpi-r2/bananapir2/current/resolute/minimal
bpi-r2	bananapir2	current	resolute	xfce	建置缺少項目	bpi-r2/bananapir2/current/resolute/xfce
bpi-r2pro	bananapir2pro	current	trixie	minimal	建置缺少項目	bpi-r2pro/bananapir2pro/current/trixie/minimal
bpi-r2pro	bananapir2pro	current	trixie	xfce	建置缺少項目	bpi-r2pro/bananapir2pro/current/trixie/xfce
bpi-r2pro	bananapir2pro	current	bookworm	minimal	建置缺少項目	bpi-r2pro/bananapir2pro/current/bookworm/minimal
bpi-r2pro	bananapir2pro	current	bookworm	xfce	建置缺少項目	bpi-r2pro/bananapir2pro/current/bookworm/xfce
bpi-r2pro	bananapir2pro	current	jammy	minimal	建置缺少項目	bpi-r2pro/bananapir2pro/current/jammy/minimal
bpi-r2pro	bananapir2pro	current	jammy	xfce	建置缺少項目	bpi-r2pro/bananapir2pro/current/jammy/xfce
bpi-r2pro	bananapir2pro	current	noble	minimal	建置缺少項目	bpi-r2pro/bananapir2pro/current/noble/minimal
bpi-r2pro	bananapir2pro	current	noble	xfce	建置缺少項目	bpi-r2pro/bananapir2pro/current/noble/xfce
bpi-r2pro	bananapir2pro	current	resolute	minimal	建置缺少項目	bpi-r2pro/bananapir2pro/current/resolute/minimal
bpi-r2pro	bananapir2pro	current	resolute	xfce	建置缺少項目	bpi-r2pro/bananapir2pro/current/resolute/xfce
bpi-r3	bananapir3	current	trixie	minimal	建置缺少項目	bpi-r3/bananapir3/current/trixie/minimal
bpi-r3	bananapir3	current	trixie	xfce	建置缺少項目	bpi-r3/bananapir3/current/trixie/xfce
bpi-r3	bananapir3	current	bookworm	minimal	建置缺少項目	bpi-r3/bananapir3/current/bookworm/minimal
bpi-r3	bananapir3	current	bookworm	xfce	建置缺少項目	bpi-r3/bananapir3/current/bookworm/xfce
bpi-r3	bananapir3	current	jammy	minimal	建置缺少項目	bpi-r3/bananapir3/current/jammy/minimal
bpi-r3	bananapir3	current	jammy	xfce	建置缺少項目	bpi-r3/bananapir3/current/jammy/xfce
bpi-r3	bananapir3	current	noble	minimal	建置缺少項目	bpi-r3/bananapir3/current/noble/minimal
bpi-r3	bananapir3	current	noble	xfce	建置缺少項目	bpi-r3/bananapir3/current/noble/xfce
bpi-r3	bananapir3	current	resolute	minimal	建置缺少項目	bpi-r3/bananapir3/current/resolute/minimal
bpi-r3	bananapir3	current	resolute	xfce	建置缺少項目	bpi-r3/bananapir3/current/resolute/xfce
bpi-r3mini	bananapir3mini	current	trixie	minimal	建置缺少項目	bpi-r3mini/bananapir3mini/current/trixie/minimal
bpi-r3mini	bananapir3mini	current	trixie	xfce	建置缺少項目	bpi-r3mini/bananapir3mini/current/trixie/xfce
bpi-r3mini	bananapir3mini	current	bookworm	minimal	建置缺少項目	bpi-r3mini/bananapir3mini/current/bookworm/minimal
bpi-r3mini	bananapir3mini	current	bookworm	xfce	建置缺少項目	bpi-r3mini/bananapir3mini/current/bookworm/xfce
bpi-r3mini	bananapir3mini	current	jammy	minimal	建置缺少項目	bpi-r3mini/bananapir3mini/current/jammy/minimal
bpi-r3mini	bananapir3mini	current	jammy	xfce	建置缺少項目	bpi-r3mini/bananapir3mini/current/jammy/xfce
bpi-r3mini	bananapir3mini	current	noble	minimal	建置缺少項目	bpi-r3mini/bananapir3mini/current/noble/minimal
bpi-r3mini	bananapir3mini	current	noble	xfce	建置缺少項目	bpi-r3mini/bananapir3mini/current/noble/xfce
bpi-r3mini	bananapir3mini	current	resolute	minimal	建置缺少項目	bpi-r3mini/bananapir3mini/current/resolute/minimal
bpi-r3mini	bananapir3mini	current	resolute	xfce	建置缺少項目	bpi-r3mini/bananapir3mini/current/resolute/xfce
bpi-r4	bananapir4	current	trixie	minimal	建置缺少項目	bpi-r4/bananapir4/current/trixie/minimal
bpi-r4	bananapir4	current	trixie	xfce	建置缺少項目	bpi-r4/bananapir4/current/trixie/xfce
bpi-r4	bananapir4	current	bookworm	minimal	建置缺少項目	bpi-r4/bananapir4/current/bookworm/minimal
bpi-r4	bananapir4	current	bookworm	xfce	建置缺少項目	bpi-r4/bananapir4/current/bookworm/xfce
bpi-r4	bananapir4	current	jammy	minimal	建置缺少項目	bpi-r4/bananapir4/current/jammy/minimal
bpi-r4	bananapir4	current	jammy	xfce	建置缺少項目	bpi-r4/bananapir4/current/jammy/xfce
bpi-r4	bananapir4	current	noble	minimal	建置缺少項目	bpi-r4/bananapir4/current/noble/minimal
bpi-r4	bananapir4	current	noble	xfce	建置缺少項目	bpi-r4/bananapir4/current/noble/xfce
bpi-r4	bananapir4	current	resolute	minimal	建置缺少項目	bpi-r4/bananapir4/current/resolute/minimal
bpi-r4	bananapir4	current	resolute	xfce	建置缺少項目	bpi-r4/bananapir4/current/resolute/xfce
bpi-r4lite	bananapir4lite	current	trixie	minimal	建置缺少項目	bpi-r4lite/bananapir4lite/current/trixie/minimal
bpi-r4lite	bananapir4lite	current	trixie	xfce	建置缺少項目	bpi-r4lite/bananapir4lite/current/trixie/xfce
bpi-r4lite	bananapir4lite	current	bookworm	minimal	建置缺少項目	bpi-r4lite/bananapir4lite/current/bookworm/minimal
bpi-r4lite	bananapir4lite	current	bookworm	xfce	建置缺少項目	bpi-r4lite/bananapir4lite/current/bookworm/xfce
bpi-r4lite	bananapir4lite	current	jammy	minimal	建置缺少項目	bpi-r4lite/bananapir4lite/current/jammy/minimal
bpi-r4lite	bananapir4lite	current	jammy	xfce	建置缺少項目	bpi-r4lite/bananapir4lite/current/jammy/xfce
bpi-r4lite	bananapir4lite	current	noble	minimal	建置缺少項目	bpi-r4lite/bananapir4lite/current/noble/minimal
bpi-r4lite	bananapir4lite	current	noble	xfce	建置缺少項目	bpi-r4lite/bananapir4lite/current/noble/xfce
bpi-r4lite	bananapir4lite	current	resolute	minimal	建置缺少項目	bpi-r4lite/bananapir4lite/current/resolute/minimal
bpi-r4lite	bananapir4lite	current	resolute	xfce	建置缺少項目	bpi-r4lite/bananapir4lite/current/resolute/xfce
bpi-r4pro	bananapir4pro	current	trixie	minimal	建置缺少項目	bpi-r4pro/bananapir4pro/current/trixie/minimal
bpi-r4pro	bananapir4pro	current	trixie	xfce	建置缺少項目	bpi-r4pro/bananapir4pro/current/trixie/xfce
bpi-r4pro	bananapir4pro	current	bookworm	minimal	建置缺少項目	bpi-r4pro/bananapir4pro/current/bookworm/minimal
bpi-r4pro	bananapir4pro	current	bookworm	xfce	建置缺少項目	bpi-r4pro/bananapir4pro/current/bookworm/xfce
bpi-r4pro	bananapir4pro	current	jammy	minimal	建置缺少項目	bpi-r4pro/bananapir4pro/current/jammy/minimal
bpi-r4pro	bananapir4pro	current	jammy	xfce	建置缺少項目	bpi-r4pro/bananapir4pro/current/jammy/xfce
bpi-r4pro	bananapir4pro	current	noble	minimal	建置缺少項目	bpi-r4pro/bananapir4pro/current/noble/minimal
bpi-r4pro	bananapir4pro	current	noble	xfce	建置缺少項目	bpi-r4pro/bananapir4pro/current/noble/xfce
bpi-r4pro	bananapir4pro	current	resolute	minimal	建置缺少項目	bpi-r4pro/bananapir4pro/current/resolute/minimal
bpi-r4pro	bananapir4pro	current	resolute	xfce	建置缺少項目	bpi-r4pro/bananapir4pro/current/resolute/xfce
bpi-r64	bananapir64	current	trixie	minimal	建置缺少項目	bpi-r64/bananapir64/current/trixie/minimal
bpi-r64	bananapir64	current	trixie	xfce	建置缺少項目	bpi-r64/bananapir64/current/trixie/xfce
bpi-r64	bananapir64	current	bookworm	minimal	建置缺少項目	bpi-r64/bananapir64/current/bookworm/minimal
bpi-r64	bananapir64	current	bookworm	xfce	建置缺少項目	bpi-r64/bananapir64/current/bookworm/xfce
bpi-r64	bananapir64	current	jammy	minimal	建置缺少項目	bpi-r64/bananapir64/current/jammy/minimal
bpi-r64	bananapir64	current	jammy	xfce	建置缺少項目	bpi-r64/bananapir64/current/jammy/xfce
bpi-r64	bananapir64	current	noble	minimal	建置缺少項目	bpi-r64/bananapir64/current/noble/minimal
bpi-r64	bananapir64	current	noble	xfce	建置缺少項目	bpi-r64/bananapir64/current/noble/xfce
bpi-r64	bananapir64	current	resolute	minimal	建置缺少項目	bpi-r64/bananapir64/current/resolute/minimal
bpi-r64	bananapir64	current	resolute	xfce	建置缺少項目	bpi-r64/bananapir64/current/resolute/xfce
bpi-sm10	bananapism10	current	noble	minimal	建置缺少項目	bpi-sm10/bananapism10/current/noble/minimal
bpi-sm10	bananapism10	current	noble	xfce	建置缺少項目	bpi-sm10/bananapism10/current/noble/xfce
bpi-sm10	bananapism10	current	resolute	minimal	建置缺少項目	bpi-sm10/bananapism10/current/resolute/minimal
bpi-sm10	bananapism10	current	resolute	xfce	建置缺少項目	bpi-sm10/bananapism10/current/resolute/xfce
