folder	source_commit	build_context_sha256
bpi-6204	c8673931c96c23c510dd29a28440e77f0b03286f	6a9a29372b9ef64baaf790b24ccad2f3b4ba6940a6ddfa932ddd8bb08171a633
bpi-ai2n	c8673931c96c23c510dd29a28440e77f0b03286f	6a9a29372b9ef64baaf790b24ccad2f3b4ba6940a6ddfa932ddd8bb08171a633
bpi-aim7	c8673931c96c23c510dd29a28440e77f0b03286f	6a9a29372b9ef64baaf790b24ccad2f3b4ba6940a6ddfa932ddd8bb08171a633
bpi-cm4io	c8673931c96c23c510dd29a28440e77f0b03286f	6a9a29372b9ef64baaf790b24ccad2f3b4ba6940a6ddfa932ddd8bb08171a633
bpi-cm5pro	c8673931c96c23c510dd29a28440e77f0b03286f	6a9a29372b9ef64baaf790b24ccad2f3b4ba6940a6ddfa932ddd8bb08171a633
bpi-cm6	c8673931c96c23c510dd29a28440e77f0b03286f	6a9a29372b9ef64baaf790b24ccad2f3b4ba6940a6ddfa932ddd8bb08171a633
bpi-f2p	c8673931c96c23c510dd29a28440e77f0b03286f	6a9a29372b9ef64baaf790b24ccad2f3b4ba6940a6ddfa932ddd8bb08171a633
bpi-f2s	c8673931c96c23c510dd29a28440e77f0b03286f	6a9a29372b9ef64baaf790b24ccad2f3b4ba6940a6ddfa932ddd8bb08171a633
bpi-f3	c8673931c96c23c510dd29a28440e77f0b03286f	6a9a29372b9ef64baaf790b24ccad2f3b4ba6940a6ddfa932ddd8bb08171a633
bpi-forge1	c8673931c96c23c510dd29a28440e77f0b03286f	6a9a29372b9ef64baaf790b24ccad2f3b4ba6940a6ddfa932ddd8bb08171a633
bpi-m1	c8673931c96c23c510dd29a28440e77f0b03286f	6a9a29372b9ef64baaf790b24ccad2f3b4ba6940a6ddfa932ddd8bb08171a633
bpi-m1p	c8673931c96c23c510dd29a28440e77f0b03286f	6a9a29372b9ef64baaf790b24ccad2f3b4ba6940a6ddfa932ddd8bb08171a633
bpi-m1super	c8673931c96c23c510dd29a28440e77f0b03286f	6a9a29372b9ef64baaf790b24ccad2f3b4ba6940a6ddfa932ddd8bb08171a633
bpi-m2	c8673931c96c23c510dd29a28440e77f0b03286f	6a9a29372b9ef64baaf790b24ccad2f3b4ba6940a6ddfa932ddd8bb08171a633
bpi-m2b	c8673931c96c23c510dd29a28440e77f0b03286f	6a9a29372b9ef64baaf790b24ccad2f3b4ba6940a6ddfa932ddd8bb08171a633
bpi-m2m	c8673931c96c23c510dd29a28440e77f0b03286f	6a9a29372b9ef64baaf790b24ccad2f3b4ba6940a6ddfa932ddd8bb08171a633
bpi-m2p	c8673931c96c23c510dd29a28440e77f0b03286f	6a9a29372b9ef64baaf790b24ccad2f3b4ba6940a6ddfa932ddd8bb08171a633
bpi-m2pro	c8673931c96c23c510dd29a28440e77f0b03286f	6a9a29372b9ef64baaf790b24ccad2f3b4ba6940a6ddfa932ddd8bb08171a633
bpi-m2s	c8673931c96c23c510dd29a28440e77f0b03286f	6a9a29372b9ef64baaf790b24ccad2f3b4ba6940a6ddfa932ddd8bb08171a633
bpi-m2u	c8673931c96c23c510dd29a28440e77f0b03286f	6a9a29372b9ef64baaf790b24ccad2f3b4ba6940a6ddfa932ddd8bb08171a633
bpi-m2z	c8673931c96c23c510dd29a28440e77f0b03286f	6a9a29372b9ef64baaf790b24ccad2f3b4ba6940a6ddfa932ddd8bb08171a633
bpi-m3	c8673931c96c23c510dd29a28440e77f0b03286f	6a9a29372b9ef64baaf790b24ccad2f3b4ba6940a6ddfa932ddd8bb08171a633
bpi-m4	c8673931c96c23c510dd29a28440e77f0b03286f	6a9a29372b9ef64baaf790b24ccad2f3b4ba6940a6ddfa932ddd8bb08171a633
bpi-m4b	c8673931c96c23c510dd29a28440e77f0b03286f	6a9a29372b9ef64baaf790b24ccad2f3b4ba6940a6ddfa932ddd8bb08171a633
bpi-m4z	c8673931c96c23c510dd29a28440e77f0b03286f	6a9a29372b9ef64baaf790b24ccad2f3b4ba6940a6ddfa932ddd8bb08171a633
bpi-m4z-emac	c8673931c96c23c510dd29a28440e77f0b03286f	6a9a29372b9ef64baaf790b24ccad2f3b4ba6940a6ddfa932ddd8bb08171a633
bpi-m5	c8673931c96c23c510dd29a28440e77f0b03286f	6a9a29372b9ef64baaf790b24ccad2f3b4ba6940a6ddfa932ddd8bb08171a633
bpi-m5pro	4a8086c3cd1a4f92a80ccb1d896f527ca4f5f6e1	27004d6aaec0557564c1a89349a0cc185a6d6d52a0ed407feac2430546f84553
bpi-m6	c8673931c96c23c510dd29a28440e77f0b03286f	6a9a29372b9ef64baaf790b24ccad2f3b4ba6940a6ddfa932ddd8bb08171a633
bpi-m64	c8673931c96c23c510dd29a28440e77f0b03286f	6a9a29372b9ef64baaf790b24ccad2f3b4ba6940a6ddfa932ddd8bb08171a633
bpi-m7	c8673931c96c23c510dd29a28440e77f0b03286f	6a9a29372b9ef64baaf790b24ccad2f3b4ba6940a6ddfa932ddd8bb08171a633
bpi-p2pro	c8673931c96c23c510dd29a28440e77f0b03286f	6a9a29372b9ef64baaf790b24ccad2f3b4ba6940a6ddfa932ddd8bb08171a633
bpi-p2z	c8673931c96c23c510dd29a28440e77f0b03286f	6a9a29372b9ef64baaf790b24ccad2f3b4ba6940a6ddfa932ddd8bb08171a633
bpi-pro	c8673931c96c23c510dd29a28440e77f0b03286f	6a9a29372b9ef64baaf790b24ccad2f3b4ba6940a6ddfa932ddd8bb08171a633
bpi-r2	c8673931c96c23c510dd29a28440e77f0b03286f	6a9a29372b9ef64baaf790b24ccad2f3b4ba6940a6ddfa932ddd8bb08171a633
bpi-r2pro	c8673931c96c23c510dd29a28440e77f0b03286f	6a9a29372b9ef64baaf790b24ccad2f3b4ba6940a6ddfa932ddd8bb08171a633
bpi-r3	c8673931c96c23c510dd29a28440e77f0b03286f	6a9a29372b9ef64baaf790b24ccad2f3b4ba6940a6ddfa932ddd8bb08171a633
bpi-r3mini	c8673931c96c23c510dd29a28440e77f0b03286f	6a9a29372b9ef64baaf790b24ccad2f3b4ba6940a6ddfa932ddd8bb08171a633
bpi-r4	c8673931c96c23c510dd29a28440e77f0b03286f	6a9a29372b9ef64baaf790b24ccad2f3b4ba6940a6ddfa932ddd8bb08171a633
bpi-r4lite	c8673931c96c23c510dd29a28440e77f0b03286f	6a9a29372b9ef64baaf790b24ccad2f3b4ba6940a6ddfa932ddd8bb08171a633
bpi-r4pro	c8673931c96c23c510dd29a28440e77f0b03286f	6a9a29372b9ef64baaf790b24ccad2f3b4ba6940a6ddfa932ddd8bb08171a633
bpi-r64	c8673931c96c23c510dd29a28440e77f0b03286f	6a9a29372b9ef64baaf790b24ccad2f3b4ba6940a6ddfa932ddd8bb08171a633
bpi-sm10	c8673931c96c23c510dd29a28440e77f0b03286f	6a9a29372b9ef64baaf790b24ccad2f3b4ba6940a6ddfa932ddd8bb08171a633
bpi-w2	c8673931c96c23c510dd29a28440e77f0b03286f	6a9a29372b9ef64baaf790b24ccad2f3b4ba6940a6ddfa932ddd8bb08171a633
bpi-w3	c8673931c96c23c510dd29a28440e77f0b03286f	6a9a29372b9ef64baaf790b24ccad2f3b4ba6940a6ddfa932ddd8bb08171a633
